"Vigencia","Actividad Productiva CIIU 4.0 A.C.","Solido/Semisolido (kg)","Liquido (kg)","Gaseoso (kg)"
"2017","0610 - Extracción de petróleo crudo","11.990.452,5","152","0"
"2017","4290 - Construcción de otras obras de ingeniería civil","171.364,9","345.451,88","72,5"
"2017","0722 - Extracción de oro y otros metales preciosos","120.039,64","188.329,5","0"
"2017","9329 - Otras actividades recreativas y de esparcimiento n.c.p.","233.152,9","170,8","0"
"2017","8412 - Actividades ejecutivas de la administración pública","228.395","0","0"
"2017","8610 - Actividades de hospitales y clínicas, con internación","96.072,51","366,62","0"
"2017","3091 - Fabricación de motocicletas","87.010,2","7.341","0"
"2017","2011 - Fabricación de sustancias y productos químicos básicos","88.700","0","0"
"2017","4210 - Construcción de carreteras y vías de ferrocarril","43.908,9","43.262,3","0"
"2017","4731 - Comercio al por menor de combustible para automotores","21.799,03","50.061,6","0"
"2017","1511 - Curtido y recurtido de cueros; recurtido y teñido de pieles","65.398,9","0","0"
"2017","4664 - Comercio al por mayor de productos químicos básicos, cauchos y plásticos en formas primarias y productos químicos de uso agropecuario","53.428","0","0"
"2017","0811 - Extracción de piedra, arena, arcillas comunes, yeso y anhidrita","34.813,3","13.860,1","0"
"2017","2711 - Fabricación de motores, generadores y transformadores eléctricos","11.919,4","31.865,5","0"
"2017","2229 - Fabricación de artículos de plástico n.c.p.","24.591,96","15.016,5","0"
"2017","3511 - Generación de energía eléctrica","18.705,2","19.751","64,6"
"2017","4530 - Comercio de partes, piezas (autopartes) y accesorios (lujos) para vehículos automotores","3.945","24.896,7","0"
"2017","1811 - Actividades de impresión","26.843,56","1.428,5","0"
"2017","2394 - Fabricación de cemento, cal y yeso","8.610","17.185","0"
"2017","2432 - Fundición de metales no ferrosos","24.103","0","0"
"2017","3290 - Otras industrias manufactureras n.c.p.","11.813,58","11.044,46","0"
"2017","1313 - Acabado de productos textiles","21.579,5","13,78","0"
"2017","8699 - Otras actividades de atención de la salud humana","21.147","0","0"
"2017","2399 - Fabricación de otros productos minerales no metálicos n.c.p.","19.846,1","769,5","0"
"2017","4661 - Comercio al por mayor de combustibles sólidos, líquidos, gaseosos y productos conexos","16.698,9","1.089","0"
"2017","4930 - Transporte por tuberías","7.600,5","10.000","0"
"2017","2221 - Fabricación de formas básicas de plástico","9.663,32","7.604,7","0"
"2017","2029 - Fabricación de otros productos químicos n.c.p.","15.204,51","268,6","0"
"2017","0910 - Actividades de apoyo para la extracción de petróleo y de gas natural","12.216","0","0"
"2017","3520 - Producción de gas; distribución de combustibles gaseosos por tuberías","4.227,75","5.198,62","0"
"2017","2592 - Tratamiento y revestimiento de metales; mecanizado","539","8.364","0"
"2017","1620 - Fabricación de hojas de madera para enchapado; fabricación de tableros contrachapados, tableros laminados, tableros de partículas y otros tableros y paneles","6.672","1.324","0"
"2017","3821 - Tratamiento y disposición de desechos no peligrosos","300,1","6.766,4","0"
"2017","7110 - Actividades de arquitectura e ingeniería y otras actividades conexas de consultoría técnica","6.269,6","542","0"
"2017","1040 - Elaboración de productos lácteos","3.164,1","3.620,3","0"
"2017","2395 - Fabricación de artículos de hormigón, cemento y yeso","2.533,5","3.983,6","0"
"2017","4690 - Comercio al por mayor no especializado","842,2","5.322,7","0"
"2017","4112 - Construcción de edificios no residenciales","2.222,6","2.722,7","0"
"2017","1702 - Fabricación de papel y cartón ondulado (corrugado); fabricación de envases, empaques y de embalajes de papel y cartón.","3.780,8","665,2","0"
"2017","2023 - Fabricación de jabones y detergentes, preparados para limpiar y pulir; perfumes y preparados de tocador","1.495","2.660","0"
"2017","1312 - Tejeduría de productos textiles","3.492,5","70","0"
"2017","4923 - Transporte de carga por carretera","3.446,4","0","0"
"2017","1011 - Procesamiento y conservación de carne y productos cárnicos","1.419,8","1.515,1","63,6"
"2017","8523 - Educación media técnica y de formación laboral","1.942,69","703,5","0"
"2017","4111 - Construcción de edificios residenciales","2.547,6","0","0"
"2017","2392 - Fabricación de materiales de arcilla para la construcción","428,5","2.049,43","0"
"2017","0220 - Extracción de madera","2.393,5","0","0"
"2017","3600 - Captación, tratamiento y distribución de agua","629,39","1.333,1","0"
"2017","0990 - Actividades de apoyo para otras actividades de explotación de minas y canteras","680,6","459,5","0"
"2017","1104 - Elaboración de bebidas no alcohólicas, producción de aguas minerales y de otras aguas embotelladas","1.047,91","0","0"
"2017","3512 - Transmisión de energía eléctrica","988","0","0"
"2017","1410 - Confección de prendas de vestir, excepto prendas de piel","918,8","0","0"
"2017","9491 - Actividades de asociaciones religiosas","877,3","0","0"
"2017","1610 - Aserrado, acepillado e impregnación de la madera","673","172,4","0"
"2017","1090 - Elaboración de alimentos preparados para animales","737,73","35,52","0"
"2017","2410 - Industrias básicas de hierro y de acero","23","719","0"
"2017","4631 - Comercio al por mayor de productos alimenticios","104,99","633,6","0"
"2017","1521 - Fabricación de calzado de cuero y piel, con cualquier tipo de suela","700","0","0"
"2017","2100 - Fabricación de productos farmacéuticos, sustancias químicas medicinales y productos botánicos de uso farmacéutico","0","650,4","0"
"2017","2021 - Fabricación de plaguicidas y otros productos químicos de uso agropecuario","426,3","28,7","0"
"2017","8622 - Actividades de la práctica odontológica","446,37","8,2","0"
"2017","1089 - Elaboración de otros productos alimenticios n.c.p.","364","87,4","0"
"2017","2431 - Fundición de hierro y de acero","407","0","0"
"2017","3822 - Tratamiento y disposición de desechos peligrosos","395","0","0"
"2017","9603 - Pompas fúnebres y actividades relacionadas","335,7","0","0"
"2017","4541 - Comercio de motocicletas y de sus partes, piezas y accesorios","328,91","0","0"
"2017","8621 - Actividades de la práctica médica, sin internación","285,8","0","0"
"2017","2930 - Fabricación de partes, piezas (autopartes) y accesorios (lujos) para vehículos automotores","234","0","0"
"2017","8551 - Formación académica no formal","224,9","0","0"
"2017","4511 - Comercio de vehículos automotores nuevos","0","192,5","0"
"2017","0144 - Cría de ganado porcino","178,8","0","0"
"2017","2012 - Fabricación de abonos y compuestos inorgánicos nitrogenados","0","130","0"
"2017","3700 - Evacuación y tratamiento de aguas residuales","125","0","0"
"2017","2421 - Industrias básicas de metales preciosos","14","43","0"
"2017","0899 - Extracción de otros minerales no metálicos n.c.p.","55","0","0"
"2017","8010 - Actividades de seguridad privada","21,2","0","0"
"2017","2391 - Fabricación de productos refractarios","13","0","0"
"2017","1084 - Elaboración de comidas y platos preparados","4,7","0","0"
"2017","4711 - Comercio al por menor en establecimientos no especializados con surtido compuesto principalmente por alimentos, bebidas o tabaco","0,01","0","0"
"2019","0610 - Extracción de petróleo crudo","95.443.611,2","177,6","0"
"2019","0722 - Extracción de oro y otros metales preciosos","281.528,1","115.181,3","0"
"2019","4210 - Construcción de carreteras y vías de ferrocarril","138.931,5","147.923,6","0"
"2019","4290 - Construcción de otras obras de ingeniería civil","118.947","151.637,9","0"
"2019","8610 - Actividades de hospitales y clínicas, con internación","212.588,9","1.916,5","8"
"2019","2432 - Fundición de metales no ferrosos","12.648","164.055","0"
"2019","2011 - Fabricación de sustancias y productos químicos básicos","223","157.629","0"
"2019","4731 - Comercio al por menor de combustible para automotores","70.211,7","68.034,8","42,1"
"2019","1511 - Curtido y recurtido de cueros; recurtido y teñido de pieles","106.190","5.920","0"
"2019","3091 - Fabricación de motocicletas","89.913,5","7.536,3","0"
"2019","0812 - Extracción de arcillas de uso industrial, caliza, caolín y bentonitas","1.243,1","83.714,6","0"
"2019","4930 - Transporte por tuberías","74.172,8","0","0"
"2019","1011 - Procesamiento y conservación de carne y productos cárnicos","67.893","2.725,7","0"
"2019","3511 - Generación de energía eléctrica","23.304,1","44.171,3","0"
"2019","0811 - Extracción de piedra, arena, arcillas comunes, yeso y anhidrita","23.207","27.715,6","0"
"2019","2399 - Fabricación de otros productos minerales no metálicos n.c.p.","37.077,4","256,3","0"
"2019","0910 - Actividades de apoyo para la extracción de petróleo y de gas natural","27.487,8","8.544","0"
"2019","2221 - Fabricación de formas básicas de plástico","28.569","510,5","0"
"2019","4923 - Transporte de carga por carretera","13.321,9","15.109,5","0"
"2019","2711 - Fabricación de motores, generadores y transformadores eléctricos","10.698,5","16.526,6","0"
"2019","3290 - Otras industrias manufactureras n.c.p.","10.262,1","10.093,5","0"
"2019","2229 - Fabricación de artículos de plástico n.c.p.","18.931,9","329,8","0"
"2019","9491 - Actividades de asociaciones religiosas","18.014,4","0","0"
"2019","3512 - Transmisión de energía eléctrica","12.555,7","0","0"
"2019","1040 - Elaboración de productos lácteos","7.158,4","5.166,1","3,2"
"2019","2394 - Fabricación de cemento, cal y yeso","8.256,5","3.895,5","0"
"2019","3520 - Producción de gas; distribución de combustibles gaseosos por tuberías","6.249","5.727,9","0"
"2019","1811 - Actividades de impresión","10.364,7","1.595,1","0"
"2019","1620 - Fabricación de hojas de madera para enchapado; fabricación de tableros contrachapados, tableros laminados, tableros de partículas y otros tableros y paneles","7.152,1","2.636,1","0"
"2019","3821 - Tratamiento y disposición de desechos no peligrosos","911","8.027","0"
"2019","4690 - Comercio al por mayor no especializado","1.457,5","7.134,5","0"
"2019","4661 - Comercio al por mayor de combustibles sólidos, líquidos, gaseosos y productos conexos","6.070,2","2.516,8","0"
"2019","7110 - Actividades de arquitectura e ingeniería y otras actividades conexas de consultoría técnica","6.574","150","0"
"2019","1313 - Acabado de productos textiles","2.513,8","4.040,5","0"
"2019","7500 - Actividades veterinarias","5.140,9","0","0"
"2019","0210 - Silvicultura y otras actividades forestales","2.815","2.294,5","0"
"2019","8523 - Educación media técnica","3.996,2","729,9","0"
"2019","0990 - Actividades de apoyo para otras actividades de explotación de minas y canteras","1.927,5","2.269","0"
"2019","2310 - Fabricación de vidrio y productos de vidrio","3.862,3","256,1","0"
"2019","1702 - Fabricación de papel y cartón ondulado (corrugado); fabricación de envases, empaques y de embalajes de papel y cartón","3.055,5","1.023","0"
"2019","2395 - Fabricación de artículos de hormigón, cemento y yeso","2.497,7","1.232,7","0"
"2019","1312 - Tejeduría de productos textiles","3.541,3","0","0"
"2019","0220 - Extracción de madera","3.120","0","0"
"2019","4112 - Construcción de edificios no residenciales","2.867,6","4,2","0"
"2019","0144 - Cría de ganado porcino","2.871,5","0","0"
"2019","2592 - Tratamiento y revestimiento de metales; mecanizado","2.496","0","0"
"2019","2029 - Fabricación de otros productos químicos n.c.p.","2.109,6","332","0"
"2019","1090 - Elaboración de alimentos preparados para animales","2.391,9","0","0"
"2019","4773 - Comercio al por menor de productos farmacéuticos y medicinales, cosméticos y artículos de tocador en establecimientos especializados","2.205","0","0"
"2019","2392 - Fabricación de materiales de arcilla para la construcción","1.049,2","1.059","0"
"2019","4659 - Comercio al por mayor de otros tipos de maquinaria y equipo n.c.p.","1.238,5","576,7","0"
"2019","1610 - Aserrado, acepillado e impregnación de la madera","1.085,3","622,3","0"
"2019","2421 - Industrias básicas de metales preciosos","1.642","0","0"
"2019","2410 - Industrias básicas de hierro y de acero","1.373,5","213","0"
"2019","9603 - Pompas fúnebres y actividades relacionadas","1.580,6","0","0"
"2019","8621 - Actividades de la práctica médica, sin internación","1.561,7","0","0"
"2019","1410 - Confección de prendas de vestir, excepto prendas de piel","1.533,9","8","0"
"2019","1089 - Elaboración de otros productos alimenticios n.c.p.","876,2","527","0"
"2019","1521 - Fabricación de calzado de cuero y piel, con cualquier tipo de suela","1.356","0","0"
"2019","4511 - Comercio de vehículos automotores nuevos","288","927","0"
"2019","4111 - Construcción de edificios residenciales","992,7","139,1","0"
"2019","4742 - Comercio al por menor de equipos y aparatos de sonido y de video, en establecimientos especializados","83","801","0"
"2019","4631 - Comercio al por mayor de productos alimenticios","61,9","674,9","0"
"2019","9329 - Otras actividades recreativas y de esparcimiento n.c.p.","683,6","0","0"
"2019","4723 - Comercio al por menor de carnes (incluye aves de corral), productos cárnicos, pescados y productos de mar, en establecimientos especializados","508,4","128,6","0"
"2019","8622 - Actividades de la práctica odontológica","587,8","21,1","0"
"2019","2100 - Fabricación de productos farmacéuticos, sustancias químicas medicinales y productos botánicos de uso farmacéutico","535,9","0","0"
"2019","8422 - Actividades de defensa","501","0","0"
"2019","2021 - Fabricación de plaguicidas y otros productos químicos de uso agropecuario","406,5","0","0"
"2019","2023 - Fabricación de jabones y detergentes, preparados para limpiar y pulir; perfumes y preparados de tocador","72","318","0"
"2019","4541 - Comercio de motocicletas y de sus partes, piezas y accesorios","369,5","0","0"
"2019","3822 - Tratamiento y disposición de desechos peligrosos","346","0","0"
"2019","4711 - Comercio al por menor en establecimientos no especializados con surtido compuesto principalmente por alimentos, bebidas (alcohólicas y no alcohólicas) o tabaco","216,4","65","0"
"2019","1081 - Elaboración de productos de panadería","166,9","0","0"
"2019","8551 - Formación para el trabajo (académica no formal CIIU 4AC)","163,7","0","0"
"2019","4741 - Comercio al por menor de computadores, equipos periféricos, programas de informática y equipos de telecomunicaciones en establecimientos especializados","150","0","0"
"2019","1104 - Elaboración de bebidas no alcohólicas, producción de aguas minerales y otras aguas embotelladas","132,5","0","0"
"2019","0899 - Extracción de otros minerales no metálicos n.c.p.","105","6","0"
"2019","8699 - Otras actividades de atención de la salud humana","109,9","0","0"
"2019","3700 - Evacuación y tratamiento de aguas residuales","87","0","0"
"2019","0125 - Cultivo de flor de corte","86","0","0"
"2019","3600 - Captación, tratamiento y distribución de agua","28,6","30,9","0"
"2019","2431 - Fundición de hierro y de acero","0","54,5","0"
"2019","8010 - Actividades de seguridad privada","34,7","0","0"
"2019","2012 - Fabricación de abonos y compuestos inorgánicos nitrogenados","5","27,5","0"
"2019","8691 - Actividades de apoyo diagnóstico","29,1","0","0"
"2019","1084 - Elaboración de comidas y platos preparados","4,2","0","0"
"2019","5511 - Alojamiento en hoteles","3","0","0"
"2019","1921 - Fabricación de productos de la refinación del petróleo","1","0","0"
"2019","9411 - Actividades de asociaciones empresariales y de empleadores","0,5","0","0"
"2020","0610 - Extracción de petróleo crudo","81.283.684,4","1.269,2","0"
"2020","2432 - Fundición de metales no ferrosos","8.193,1","622.549,6","0"
"2020","4290 - Construcción de otras obras de ingeniería civil","102.206,4","137.040,8","0"
"2020","4210 - Construcción de carreteras y vías de ferrocarril","50.736,6","116.827,5","0"
"2020","2011 - Fabricación de sustancias y productos químicos básicos","53","160.237","0"
"2020","8610 - Actividades de hospitales y clínicas, con internación","158.477","1.646,1","3"
"2020","0722 - Extracción de oro y otros metales preciosos","99.303,6","42.836,6","0"
"2020","1511 - Curtido y recurtido de cueros; recurtido y teñido de pieles","128.623,5","30","0"
"2020","4731 - Comercio al por menor de combustible para automotores","60.040,9","59.765,2","0"
"2020","3290 - Otras industrias manufactureras n.c.p.","8.369,9","96.306,6","0"
"2020","0811 - Extracción de piedra, arena, arcillas comunes, yeso y anhidrita","30.404,5","27.336,6","0"
"2020","1011 - Procesamiento y conservación de carne y productos cárnicos","43.127,2","2.957,3","0"
"2020","2029 - Fabricación de otros productos químicos n.c.p.","5.708,3","27.046,6","0"
"2020","2221 - Fabricación de formas básicas de plástico","19.902,4","8.310,9","0"
"2020","3511 - Generación de energía eléctrica","20.176,6","8.008,3","0"
"2020","4923 - Transporte de carga por carretera","13.593,3","13.098,2","0"
"2020","4664 - Comercio al por mayor de productos químicos básicos, cauchos y plásticos en formas primarias y productos químicos de uso agropecuario","8.034,6","17.078,9","0"
"2020","2711 - Fabricación de motores, generadores y transformadores eléctricos","9.905,7","13.105","0"
"2020","4930 - Transporte por tuberías","16.859","0","0"
"2020","4661 - Comercio al por mayor de combustibles sólidos, líquidos, gaseosos y productos conexos","8.949,8","7.791,8","0"
"2020","1040 - Elaboración de productos lácteos","12.462,9","3.049,2","1,3"
"2020","1811 - Actividades de impresión","13.521,1","1.848,5","0"
"2020","2023 - Fabricación de jabones y detergentes, preparados para limpiar y pulir; perfumes y preparados de tocador","7.583,2","7.690,4","0"
"2020","4690 - Comercio al por mayor no especializado","1.100","13.292,4","0"
"2020","3821 - Tratamiento y disposición de desechos no peligrosos","2.190,5","9.833,6","0"
"2020","9491 - Actividades de asociaciones religiosas","10.314,8","0","0"
"2020","0990 - Actividades de apoyo para otras actividades de explotación de minas y canteras","7.474","2.477,5","0"
"2020","1620 - Fabricación de hojas de madera para enchapado; fabricación de tableros contrachapados, tableros laminados, tableros de partículas y otros tableros y paneles","6.852","2.527","0"
"2020","1084 - Elaboración de comidas y platos preparados","1,1","8.800","0"
"2020","3520 - Producción de gas; distribución de combustibles gaseosos por tuberías","1.721,4","6.724,5","0"
"2020","2022 - Fabricación de pinturas, barnices y revestimientos similares, tintas para impresión y masillas","6.988,5","0","0"
"2020","2229 - Fabricación de artículos de plástico n.c.p.","6.480,8","3,2","9,6"
"2020","0910 - Actividades de apoyo para la extracción de petróleo y de gas natural","6.259","0","0"
"2020","7500 - Actividades veterinarias","5.965,8","0","0"
"2020","7110 - Actividades de arquitectura e ingeniería y otras actividades conexas de consultoría técnica","5.826","98","0"
"2020","2395 - Fabricación de artículos de hormigón, cemento y yeso","3.871,1","1.626","0"
"2020","1090 - Elaboración de alimentos preparados para animales","4.384,9","0","0"
"2020","9329 - Otras actividades recreativas y de esparcimiento n.c.p.","4.173,7","5","0"
"2020","1313 - Acabado de productos textiles","3.731,4","186","0"
"2020","7210 - Investigaciones y desarrollo experimental en el campo de las ciencias naturales y la ingeniería","1.923,7","1.793,9","0"
"2020","4390 - Otras actividades especializadas para la construcción de edificios y obras de ingeniería civil","386","3.179","0"
"2020","0144 - Cría de ganado porcino","3.415,6","0","0"
"2020","4111 - Construcción de edificios residenciales","1.892,9","1.503","0"
"2020","2410 - Industrias básicas de hierro y de acero","607,5","2.629","0"
"2020","4659 - Comercio al por mayor de otros tipos de maquinaria y equipo n.c.p.","2.528,6","674,6","0"
"2020","1312 - Tejeduría de productos textiles","3.025,4","0","0"
"2020","0812 - Extracción de arcillas de uso industrial, caliza, caolín y bentonitas","1.565,1","1.200,1","0"
"2020","1702 - Fabricación de papel y cartón ondulado (corrugado); fabricación de envases, empaques y de embalajes de papel y cartón","1.825,8","814","0"
"2020","4773 - Comercio al por menor de productos farmacéuticos y medicinales, cosméticos y artículos de tocador en establecimientos especializados","2.539,5","0","0"
"2020","3512 - Transmisión de energía eléctrica","2.233,8","0","0"
"2020","4741 - Comercio al por menor de computadores, equipos periféricos, programas de informática y equipos de telecomunicaciones en establecimientos especializados","1.902,1","0","0"
"2020","0220 - Extracción de madera","1.893,6","0","0"
"2020","0141 - Cría de ganado bovino y bufalino","1.863,2","20,9","0"
"2020","4112 - Construcción de edificios no residenciales","1.664,1","27","0"
"2020","1610 - Aserrado, acepillado e impregnación de la madera","1.392,7","0","0"
"2020","1410 - Confección de prendas de vestir, excepto prendas de piel","1.281,6","91,5","0"
"2020","2310 - Fabricación de vidrio y productos de vidrio","1.244,1","117,7","0"
"2020","4742 - Comercio al por menor de equipos y aparatos de sonido y de video, en establecimientos especializados","12","1.280","0"
"2020","0121 - Cultivo de frutas tropicales y subtropicales","1.217","0","0"
"2020","8551 - Formación para el trabajo (académica no formal CIIU 4AC)","1.197,1","6,8","0"
"2020","9603 - Pompas fúnebres y actividades relacionadas","1.159,3","0","0"
"2020","8422 - Actividades de defensa","1.123,4","0","0"
"2020","8523 - Educación media técnica","961,2","142,9","0"
"2020","2100 - Fabricación de productos farmacéuticos, sustancias químicas medicinales y productos botánicos de uso farmacéutico","966,5","116,4","0"
"2020","2592 - Tratamiento y revestimiento de metales; mecanizado","847","0","0"
"2020","2392 - Fabricación de materiales de arcilla para la construcción","624,3","207","0"
"2020","2021 - Fabricación de plaguicidas y otros productos químicos de uso agropecuario","798,1","10,1","0"
"2020","6810 - Actividades inmobiliarias realizadas con bienes propios o arrendados","67","680,5","0"
"2020","4511 - Comercio de vehículos automotores nuevos","218","503","0"
"2020","4631 - Comercio al por mayor de productos alimenticios","36,3","566,7","0"
"2020","0899 - Extracción de otros minerales no metálicos n.c.p.","298","288","0"
"2020","0145 - Cría de aves de corral","563,1","21,6","0"
"2020","2431 - Fundición de hierro y de acero","539","25","0"
"2020","4711 - Comercio al por menor en establecimientos no especializados con surtido compuesto principalmente por alimentos, bebidas (alcohólicas y no alcohólicas) o tabaco","516,4","0","0"
"2020","8622 - Actividades de la práctica odontológica","455,2","5,4","0"
"2020","2399 - Fabricación de otros productos minerales no metálicos n.c.p.","333","86","0"
"2020","1521 - Fabricación de calzado de cuero y piel, con cualquier tipo de suela","320","0","0"
"2020","1690 - Fabricación de otros productos de madera; fabricación de artículos de corcho, cestería y espartería","319,6","0","0"
"2020","8010 - Actividades de seguridad privada","303","0","0"
"2020","4541 - Comercio de motocicletas y de sus partes, piezas y accesorios","283,6","0","0"
"2020","8691 - Actividades de apoyo diagnóstico","254,6","0","0"
"2020","1089 - Elaboración de otros productos alimenticios n.c.p.","46,8","207,6","0"
"2020","8621 - Actividades de la práctica médica, sin internación","186,3","0","0"
"2020","1081 - Elaboración de productos de panadería","145,7","17,5","0"
"2020","1104 - Elaboración de bebidas no alcohólicas, producción de aguas minerales y otras aguas embotelladas","74,7","27","0"
"2020","3700 - Evacuación y tratamiento de aguas residuales","93","0","0"
"2020","8699 - Otras actividades de atención de la salud humana","66,1","0","0"
"2020","3600 - Captación, tratamiento y distribución de agua","40,8","21,3","0"
"2020","5511 - Alojamiento en hoteles","2,4","0","0"
"2021","0610 - Extracción de petróleo crudo","99.104.588,7","7.387","0"
"2021","0722 - Extracción de oro y otros metales preciosos","908.161,1","224.758,3","0"
"2021","2432 - Fundición de metales no ferrosos","4.939","366.936","0"
"2021","4290 - Construcción de otras obras de ingeniería civil","136.555,5","140.024,8","0"
"2021","2011 - Fabricación de sustancias y productos químicos básicos","414","252.860","0"
"2021","4210 - Construcción de carreteras y vías de ferrocarril","79.011,4","161.469,6","0"
"2021","8610 - Actividades de hospitales y clínicas, con internación","232.345,9","2.040,1","0,4"
"2021","1511 - Curtido y recurtido de cueros; recurtido y teñido de pieles","128.175","2.609","0"
"2021","4731 - Comercio al por menor de combustible para automotores","53.448,5","69.835,6","0"
"2021","3511 - Generación de energía eléctrica","60.521,4","12.317,2","3"
"2021","3091 - Fabricación de motocicletas","70.819,6","1.175,5","0"
"2021","0811 - Extracción de piedra, arena, arcillas comunes, yeso y anhidrita","27.733","39.350","0"
"2021","2399 - Fabricación de otros productos minerales no metálicos n.c.p.","42.916,7","6.352,3","0"
"2021","4930 - Transporte por tuberías","48.536,2","0","0"
"2021","2221 - Fabricación de formas básicas de plástico","39.321,5","7.106,4","0"
"2021","0812 - Extracción de arcillas de uso industrial, caliza, caolín y bentonitas","1.088,5","36.612,6","0"
"2021","2711 - Fabricación de motores, generadores y transformadores eléctricos","19.232,1","15.887,5","0"
"2021","3290 - Otras industrias manufactureras n.c.p.","19.461,1","12.044","0"
"2021","1011 - Procesamiento y conservación de carne y productos cárnicos","29.628,5","1.563,6","0"
"2021","2229 - Fabricación de artículos de plástico n.c.p.","28.935,7","216,8","0"
"2021","2394 - Fabricación de cemento, cal y yeso","0","26.790","0"
"2021","4923 - Transporte de carga por carretera","13.460,1","12.998,2","0"
"2021","4690 - Comercio al por mayor no especializado","4.092,1","22.232,8","18,4"
"2021","0910 - Actividades de apoyo para la extracción de petróleo y de gas natural","15.254,9","4.065","0"
"2021","9491 - Actividades de asociaciones religiosas","17.970,4","0","0"
"2021","2029 - Fabricación de otros productos químicos n.c.p.","6.978,2","9.827,2","0"
"2021","3520 - Producción de gas; distribución de combustibles gaseosos por tuberías","2.357,8","14.262,4","0"
"2021","1811 - Actividades de impresión","14.157,1","1.329,8","0"
"2021","1702 - Fabricación de papel y cartón ondulado (corrugado); fabricación de envases, empaques y de embalajes de papel y cartón","14.622,7","339,3","0"
"2021","2023 - Fabricación de jabones y detergentes, preparados para limpiar y pulir; perfumes y preparados de tocador","11.232,8","3.380,3","0"
"2021","2592 - Tratamiento y revestimiento de metales; mecanizado","10.226,6","2.579,2","0"
"2021","4661 - Comercio al por mayor de combustibles sólidos, líquidos, gaseosos y productos conexos","7.181,1","4.983","0"
"2021","8621 - Actividades de la práctica médica, sin internación","12.085,8","0","0"
"2021","1040 - Elaboración de productos lácteos","6.113","5.684,1","0"
"2021","3821 - Tratamiento y disposición de desechos no peligrosos","1.660,5","7.806,2","0"
"2021","2022 - Fabricación de pinturas, barnices y revestimientos similares, tintas para impresión y masillas","4.575,6","4.431,8","0"
"2021","7500 - Actividades veterinarias","7.802,4","0","0"
"2021","7110 - Actividades de arquitectura e ingeniería y otras actividades conexas de consultoría técnica","7.493,5","101","0"
"2021","0990 - Actividades de apoyo para otras actividades de explotación de minas y canteras","3.171,1","3.891,3","0"
"2021","0113 - Cultivo de hortalizas, raíces y tubérculos","4.401,2","2.018,4","0"
"2021","2395 - Fabricación de artículos de hormigón, cemento y yeso","1.972,9","1.972","0"
"2021","4511 - Comercio de vehículos automotores nuevos","546","3.355,1","0"
"2021","0144 - Cría de ganado porcino","3.567,5","95","0"
"2021","4530 - Comercio de partes, piezas (autopartes) y accesorios (lujos) para vehículos automotores","2.287,3","1.133,1","0"
"2021","1312 - Tejeduría de productos textiles","3.409,1","0","0"
"2021","4390 - Otras actividades especializadas para la construcción de edificios y obras de ingeniería civil","0","3.320","0"
"2021","1313 - Acabado de productos textiles","3.255,4","34,2","0"
"2021","1089 - Elaboración de otros productos alimenticios n.c.p.","2.054,2","1.113,5","0"
"2021","3700 - Evacuación y tratamiento de aguas residuales","3.130","0","0"
"2021","1090 - Elaboración de alimentos preparados para animales","3.092,8","0","0"
"2021","8523 - Educación media técnica","2.574,5","490,7","0"
"2021","4659 - Comercio al por mayor de otros tipos de maquinaria y equipo n.c.p.","1.814,2","1.207,7","0"
"2021","7112 - Actividades de ingeniería y otras actividades conexas de consultoría técnica","1.111,8","1.678,6","0"
"2021","4773 - Comercio al por menor de productos farmacéuticos y medicinales, cosméticos y artículos de tocador en establecimientos especializados","2.668,3","0","0"
"2021","4741 - Comercio al por menor de computadores, equipos periféricos, programas de informática y equipos de telecomunicaciones en establecimientos especializados","2.605","0","0"
"2021","2421 - Industrias básicas de metales preciosos","1.637","959","0"
"2021","2310 - Fabricación de vidrio y productos de vidrio","1.519,5","704,3","0"
"2021","7210 - Investigaciones y desarrollo experimental en el campo de las ciencias naturales y la ingeniería","789","1.411,8","0"
"2021","0220 - Extracción de madera","2.104,7","0","0"
"2021","4664 - Comercio al por mayor de productos químicos básicos, cauchos y plásticos en formas primarias y productos químicos de uso agropecuario","2.029,8","0","0"
"2021","2021 - Fabricación de plaguicidas y otros productos químicos de uso agropecuario","1.961,8","0","0"
"2021","9603 - Pompas fúnebres y actividades relacionadas","1.892,1","3","0"
"2021","3512 - Transmisión de energía eléctrica","1.738,4","85,4","0"
"2021","7730 - Alquiler y arrendamiento de otros tipos de maquinaria, equipo y bienes tangibles n.c.p.","1.783,9","0","0"
"2021","4111 - Construcción de edificios residenciales","1.437,8","238,9","0"
"2021","1610 - Aserrado, acepillado e impregnación de la madera","1.454,7","148","0"
"2021","3830 - Recuperación de materiales","214,9","1.337","0"
"2021","6810 - Actividades inmobiliarias realizadas con bienes propios o arrendados","1.228,2","295,2","0"
"2021","4742 - Comercio al por menor de equipos y aparatos de sonido y de video, en establecimientos especializados","466","951,5","0"
"2021","4112 - Construcción de edificios no residenciales","1.359","0","0"
"2021","2100 - Fabricación de productos farmacéuticos, sustancias químicas medicinales y productos botánicos de uso farmacéutico","1.177,7","143","0"
"2021","4921 - Transporte de pasajeros","338","976","0"
"2021","2392 - Fabricación de materiales de arcilla para la construcción","712,2","552,8","0"
"2021","9329 - Otras actividades recreativas y de esparcimiento n.c.p.","1.108,8","145,2","0"
"2021","0145 - Cría de aves de corral","780,4","433,6","0"
"2021","4541 - Comercio de motocicletas y de sus partes, piezas y accesorios","1.129,9","0","0"
"2021","1410 - Confección de prendas de vestir, excepto prendas de piel","972,6","139,2","0"
"2021","0150 - Explotación mixta (agrícola y pecuaria)","89","953","0"
"2021","2410 - Industrias básicas de hierro y de acero","20","914","0"
"2021","4631 - Comercio al por mayor de productos alimenticios","61,5","674","0"
"2021","2013 - Fabricación de plásticos en formas primarias","707","0","0"
"2021","1104 - Elaboración de bebidas no alcohólicas, producción de aguas minerales y otras aguas embotelladas","444,8","243","0"
"2021","8422 - Actividades de defensa","674","0","0"
"2021","3822 - Tratamiento y disposición de desechos peligrosos","669,9","0","0"
"2021","0899 - Extracción de otros minerales no metálicos n.c.p.","322","342","0"
"2021","3110 - Fabricación de muebles","643,1","0","0"
"2021","9499 - Actividades de otras asociaciones n.c.p.","0","596,7","0"
"2021","8622 - Actividades de la práctica odontológica","550,1","6,5","0"
"2021","2012 - Fabricación de abonos y compuestos inorgánicos nitrogenados","226,5","294","0"
"2021","1690 - Fabricación de otros productos de madera; fabricación de artículos de corcho, cestería y espartería","366,9","0","0"
"2021","4719 - Comercio al por menor en establecimientos no especializados, con surtido compuesto principalmente por productos diferentes de alimentos (víveres en general), bebidas (alcohólicas y no alcohólicas) y tabaco","266","0","0"
"2021","1521 - Fabricación de calzado de cuero y piel, con cualquier tipo de suela","223","0","0"
"2021","4711 - Comercio al por menor en establecimientos no especializados con surtido compuesto principalmente por alimentos, bebidas (alcohólicas y no alcohólicas) o tabaco","144,3","18","0"
"2021","1081 - Elaboración de productos de panadería","100,5","15,3","0"
"2021","8551 - Formación para el trabajo (académica no formal CIIU 4AC)","42,5","53,1","0"
"2021","8699 - Otras actividades de atención de la salud humana","88,2","0","0"
"2021","0125 - Cultivo de flor de corte","78","0","0"
"2021","2219 - Fabricación de formas básicas de caucho y otros productos de caucho n.c.p.","66","0","0"
"2021","3600 - Captación, tratamiento y distribución de agua","28,6","30,9","0"
"2021","2431 - Fundición de hierro y de acero","0","59","0"
"2021","8691 - Actividades de apoyo diagnóstico","29,8","0","0"
"2021","9321 - Actividades de parques de atracciones y parques temáticos","21","0","0"
"2021","8010 - Actividades de seguridad privada","1,9","0","0"
"2021","9411 - Actividades de asociaciones empresariales y de empleadores","1,8","0","0"
"2021","5511 - Alojamiento en hoteles","1,6","0","0"
"2022","0610 - Extracción de petróleo crudo","93.622.019","8.893,7","0"
"2022","0722 - Extracción de oro y otros metales preciosos","1.020.938,8","153.231","0"
"2022","2432 - Fundición de metales no ferrosos","6.228","384.315","0"
"2022","2011 - Fabricación de sustancias y productos químicos básicos","3.233","251.101,2","0"
"2022","4210 - Construcción de carreteras y vías de ferrocarril","86.408,1","144.264,7","0"
"2022","1511 - Curtido y recurtido de cueros; recurtido y teñido de pieles","209.226,7","14.294,1","0"
"2022","4290 - Construcción de otras obras de ingeniería civil","112.743,8","108.976,9","0"
"2022","8610 - Actividades de hospitales y clínicas, con internación","171.908,6","5.192,4","0"
"2022","1620 - Fabricación de hojas de madera para enchapado; fabricación de tableros contrachapados, tableros laminados, tableros de partículas y otros tableros y paneles","6.458","156.630","0"
"2022","4731 - Comercio al por menor de combustible para automotores","71.785,9","81.709,2","0"
"2022","3511 - Generación de energía eléctrica","23.231,9","51.632,4","0"
"2022","3091 - Fabricación de motocicletas","68.928,7","1.040,6","0"
"2022","0811 - Extracción de piedra, arena, arcillas comunes, yeso y anhidrita","18.779,4","46.784","0"
"2022","2221 - Fabricación de formas básicas de plástico","54.874","1.259,9","0"
"2022","2399 - Fabricación de otros productos minerales no metálicos n.c.p.","55.234,7","274","0"
"2022","2229 - Fabricación de artículos de plástico n.c.p.","31.777,8","2.074,6","0"
"2022","1702 - Fabricación de papel y cartón ondulado (corrugado); fabricación de envases, empaques y de embalajes de papel y cartón","30.020,4","3.387,4","0"
"2022","2394 - Fabricación de cemento, cal y yeso","23.390","5.880","0"
"2022","0910 - Actividades de apoyo para la extracción de petróleo y de gas natural","28.378,9","0","0"
"2022","0990 - Actividades de apoyo para otras actividades de explotación de minas y canteras","11.629,6","14.008","0"
"2022","2029 - Fabricación de otros productos químicos n.c.p.","4.442,4","20.631,1","0"
"2022","4923 - Transporte de carga por carretera","11.700,1","13.062,5","0"
"2022","3290 - Otras industrias manufactureras n.c.p.","21.096,5","2.882","0"
"2022","1011 - Procesamiento y conservación de carne y productos cárnicos","19.910,2","3.714,1","0"
"2022","4930 - Transporte por tuberías","21.437,8","1.737","0"
"2022","2711 - Fabricación de motores, generadores y transformadores eléctricos","16.903,8","4.271,7","0"
"2022","2022 - Fabricación de pinturas, barnices y revestimientos similares, tintas para impresión y masillas","9.374,7","9.523,3","0"
"2022","1811 - Actividades de impresión","15.032,5","1.847,4","0"
"2022","2592 - Tratamiento y revestimiento de metales; mecanizado","6.007,8","10.041,5","0"
"2022","0113 - Cultivo de hortalizas, raíces y tubérculos","1.415,3","13.322,3","0"
"2022","3520 - Producción de gas; distribución de combustibles gaseosos por tuberías","3.737,4","10.316,6","0"
"2022","3821 - Tratamiento y disposición de desechos no peligrosos","2.614,3","10.336,1","0"
"2022","4661 - Comercio al por mayor de combustibles sólidos, líquidos, gaseosos y productos conexos","4.461,5","7.984,6","0"
"2022","1610 - Aserrado, acepillado e impregnación de la madera","11.860,9","338,6","0"
"2022","9491 - Actividades de asociaciones religiosas","11.668,7","0","0"
"2022","1040 - Elaboración de productos lácteos","5.913,4","4.163,2","0"
"2022","1630 - Fabricación de partes y piezas de madera, de carpintería y ebanistería para la construcción","8.544","0","0"
"2022","8621 - Actividades de la práctica médica, sin internación","7.219,4","8","0"
"2022","2023 - Fabricación de jabones y detergentes, preparados para limpiar y pulir; perfumes y preparados de tocador","4.338,8","2.687","0"
"2022","0144 - Cría de ganado porcino","6.635,1","1","0"
"2022","1312 - Tejeduría de productos textiles","6.209,2","0","0"
"2022","7111 - Actividades de arquitectura","5.894,7","88","0"
"2022","2410 - Industrias básicas de hierro y de acero","3.818","1.881","0"
"2022","4541 - Comercio de motocicletas y de sus partes, piezas y accesorios","5.545,6","37,8","0"
"2022","7112 - Actividades de ingeniería y otras actividades conexas de consultoría técnica","843,2","4.501,2","0"
"2022","7500 - Actividades veterinarias","5.107,6","57,9","0"
"2022","3900 - Actividades de saneamiento ambiental y otros servicios de gestión de desechos","4.682","0","0"
"2022","4111 - Construcción de edificios residenciales","4.294,5","285","0"
"2022","2395 - Fabricación de artículos de hormigón, cemento y yeso","1.769","2.529,5","0"
"2022","1090 - Elaboración de alimentos preparados para animales","4.210,8","0","0"
"2022","1313 - Acabado de productos textiles","2.955,6","1.102","0"
"2022","4690 - Comercio al por mayor no especializado","1.115,4","2.786,6","0"
"2022","4511 - Comercio de vehículos automotores nuevos","432","3.356,1","0"
"2022","4669 - Comercio al por mayor de otros productos n.c.p.","3.714,5","0","0"
"2022","8523 - Educación media técnica","2.927","757,9","0"
"2022","6120 - Actividades de telecomunicaciones inalámbricas","3.166","0","0"
"2022","4530 - Comercio de partes, piezas (autopartes) y accesorios (lujos) para vehículos automotores","718","2.314,8","0"
"2022","4711 - Comercio al por menor en establecimientos no especializados con surtido compuesto principalmente por alimentos, bebidas (alcohólicas y no alcohólicas) o tabaco","2.873,6","0","0"
"2022","0812 - Extracción de arcillas de uso industrial, caliza, caolín y bentonitas","1.694,8","710","0"
"2022","4659 - Comercio al por mayor de otros tipos de maquinaria y equipo n.c.p.","1.208,7","1.088,2","0"
"2022","2421 - Industrias básicas de metales preciosos","666","1.105,5","517"
"2022","2310 - Fabricación de vidrio y productos de vidrio","2.049,4","190","0"
"2022","9603 - Pompas fúnebres y actividades relacionadas","2.209,9","7,5","0"
"2022","7210 - Investigaciones y desarrollo experimental en el campo de las ciencias naturales y la ingeniería","1.067,9","1.148,2","0"
"2022","4741 - Comercio al por menor de computadores, equipos periféricos, programas de informática y equipos de telecomunicaciones en establecimientos especializados","2.043,7","0","0"
"2022","3830 - Recuperación de materiales","134","1.755","0"
"2022","0150 - Explotación mixta (agrícola y pecuaria)","283","1.533","0"
"2022","3512 - Transmisión de energía eléctrica","1.690","28","0"
"2022","8544 - Educación de universidades","1.711","0","0"
"2022","2021 - Fabricación de plaguicidas y otros productos químicos de uso agropecuario","1.623,7","34,7","0"
"2022","8551 - Formación para el trabajo (académica no formal CIIU 4AC)","1.572,8","82,5","0"
"2022","1104 - Elaboración de bebidas no alcohólicas, producción de aguas minerales y otras aguas embotelladas","907","734,9","0"
"2022","6810 - Actividades inmobiliarias realizadas con bienes propios o arrendados","256","1.232,7","0"
"2022","2100 - Fabricación de productos farmacéuticos, sustancias químicas medicinales y productos botánicos de uso farmacéutico","1.333,1","138","0"
"2022","4921 - Transporte de pasajeros","1.304","0","0"
"2022","0145 - Cría de aves de corral","790,5","466","0"
"2022","8422 - Actividades de defensa","1.197,6","0","0"
"2022","0220 - Extracción de madera","1.109,4","0","0"
"2022","1089 - Elaboración de otros productos alimenticios n.c.p.","951,1","141","0"
"2022","9329 - Otras actividades recreativas y de esparcimiento n.c.p.","682,5","121,8","0"
"2022","1410 - Confección de prendas de vestir, excepto prendas de piel","755,7","0","0"
"2022","4641 - Comercio al por mayor de productos textiles, productos confeccionados para uso doméstico","636,5","0","0"
"2022","0510 - Extracción de hulla (carbón de piedra)","51","559","0"
"2022","9411 - Actividades de asociaciones empresariales y de empleadores","608,3","0","0"
"2022","2392 - Fabricación de materiales de arcilla para la construcción","584,8","0","0"
"2022","2012 - Fabricación de abonos y compuestos inorgánicos nitrogenados","571","0","0"
"2022","1521 - Fabricación de calzado de cuero y piel, con cualquier tipo de suela","490","0","0"
"2022","8622 - Actividades de la práctica odontológica","462,3","0","0"
"2022","8699 - Otras actividades de atención de la salud humana","426,4","0","0"
"2022","0121 - Cultivo de frutas tropicales y subtropicales","372,3","0","0"
"2022","1690 - Fabricación de otros productos de madera; fabricación de artículos de corcho, cestería y espartería","325,4","14","0"
"2022","2219 - Fabricación de formas básicas de caucho y otros productos de caucho n.c.p.","292","45","0"
"2022","2391 - Fabricación de productos refractarios","240,6","14,2","0"
"2022","1081 - Elaboración de productos de panadería","92,4","85,7","0"
"2022","0899 - Extracción de otros minerales no metálicos n.c.p.","105","50,6","0"
"2022","4742 - Comercio al por menor de equipos y aparatos de sonido y de video, en establecimientos especializados","0","72","0"
"2022","0125 - Cultivo de flor de corte","62","0","0"
"2022","8691 - Actividades de apoyo diagnóstico","61,9","0","0"
"2022","4773 - Comercio al por menor de productos farmacéuticos y medicinales, cosméticos y artículos de tocador en establecimientos especializados","19,3","0","0"
"2022","9321 - Actividades de parques de atracciones y parques temáticos","8","0","0"
"2022","1084 - Elaboración de comidas y platos preparados","3,3","0","0"
"2022","5511 - Alojamiento en hoteles","1,8","0","0"
"2022","8010 - Actividades de seguridad privada","1,2","0","0"
"2022","1921 - Fabricación de productos de la refinación del petróleo","0","1","0"
"2023","0610 - Extracción de petróleo crudo","76.578.552,3","2.186,4","0"
"2023","0722 - Extracción de oro y otros metales preciosos","617.380,7","317.021,5","0"
"2023","2011 - Fabricación de sustancias y productos químicos básicos","146.919,2","293.009,7","0"
"2023","2432 - Fundición de metales no ferrosos","38.976","294.940","0"
"2023","4210 - Construcción de carreteras y vías de ferrocarril","37.752","147.631,9","0"
"2023","1511 - Curtido y recurtido de cueros; recurtido y teñido de pieles","150.783,9","14.467,9","0"
"2023","4731 - Comercio al por menor de combustible para automotores","77.035,4","75.660,2","0"
"2023","2221 - Fabricación de formas básicas de plástico","70.681,5","35.304,2","0"
"2023","3511 - Generación de energía eléctrica","46.804,2","44.713,3","0"
"2023","8610 - Actividades de hospitales y clínicas, con internación","87.377,7","625,1","0"
"2023","1702 - Fabricación de papel y cartón ondulado (corrugado); fabricación de envases, empaques y de embalajes de papel y cartón","76.871","1.105","0"
"2023","2399 - Fabricación de otros productos minerales no metálicos n.c.p.","52.929,1","21.526,8","0"
"2023","4290 - Construcción de otras obras de ingeniería civil","39.482","34.195,4","0"
"2023","1620 - Fabricación de hojas de madera para enchapado; fabricación de tableros contrachapados, tableros laminados, tableros de partículas y otros tableros y paneles","25.720","45.000","0"
"2023","3091 - Fabricación de motocicletas","51.640,5","528","0"
"2023","0811 - Extracción de piedra, arena, arcillas comunes, yeso y anhidrita","14.515,4","33.244,7","0"
"2023","4923 - Transporte de carga por carretera","15.791,8","16.727,2","177,6"
"2023","0990 - Actividades de apoyo para otras actividades de explotación de minas y canteras","13.686,7","15.566,8","0"
"2023","2023 - Fabricación de jabones y detergentes, preparados para limpiar y pulir; perfumes y preparados de tocador","6.028","21.392,9","0"
"2023","4930 - Transporte por tuberías","19.971","7.260","0"
"2023","2029 - Fabricación de otros productos químicos n.c.p.","4.709,2","16.916,6","0"
"2023","1011 - Procesamiento y conservación de carne y productos cárnicos","17.084","3.252,7","0"
"2023","3290 - Otras industrias manufactureras n.c.p.","16.512,8","2.790","0"
"2023","2711 - Fabricación de motores, generadores y transformadores eléctricos","15.004,8","2.991,8","0"
"2023","2592 - Tratamiento y revestimiento de metales; mecanizado","6.775,5","10.535,5","0"
"2023","2229 - Fabricación de artículos de plástico n.c.p.","5.659,5","8.844,2","0"
"2023","0112 - Cultivo de arroz","9.922","4.475,4","0"
"2023","2394 - Fabricación de cemento, cal y yeso","13.786","0","0"
"2023","2022 - Fabricación de pinturas, barnices y revestimientos similares, tintas para impresión y masillas","9.949,7","2.932,7","0"
"2023","1811 - Actividades de impresión","11.362,7","1.442,3","0"
"2023","3821 - Tratamiento y disposición de desechos no peligrosos","3.147,5","8.441,6","0"
"2023","4690 - Comercio al por mayor no especializado","1.130,5","10.133,6","0"
"2023","1089 - Elaboración de otros productos alimenticios n.c.p.","4.275","6.532,2","0"
"2023","3520 - Producción de gas; distribución de combustibles gaseosos por tuberías","1.258,7","8.776,5","0"
"2023","0910 - Actividades de apoyo para la extracción de petróleo y de gas natural","8.360","800","0"
"2023","1630 - Fabricación de partes y piezas de madera, de carpintería y ebanistería para la construcción","8.357","0","0"
"2023","3900 - Actividades de saneamiento ambiental y otros servicios de gestión de desechos","8.314","0","0"
"2023","8621 - Actividades de la práctica médica, sin internación","7.856,8","212,4","0"
"2023","1040 - Elaboración de productos lácteos","4.467,1","3.463,3","0"
"2023","9491 - Actividades de asociaciones religiosas","7.651,3","0","0"
"2023","0144 - Cría de ganado porcino","6.256,1","0","0"
"2023","1312 - Tejeduría de productos textiles","3.906","1.966,4","0"
"2023","4664 - Comercio al por mayor de productos químicos básicos, cauchos y plásticos en formas primarias y productos químicos de uso agropecuario","5.347,8","377,6","0"
"2023","1090 - Elaboración de alimentos preparados para animales","5.382,5","113,7","0"
"2023","4661 - Comercio al por mayor de combustibles sólidos, líquidos, gaseosos y productos conexos","3.357,6","1.594","0"
"2023","0113 - Cultivo de hortalizas, raíces y tubérculos","2.326,1","2.522,9","0"
"2023","4111 - Construcción de edificios residenciales","3.852,4","31,2","0"
"2023","4530 - Comercio de partes, piezas (autopartes) y accesorios (lujos) para vehículos automotores","2.301","1.538,3","0"
"2023","2395 - Fabricación de artículos de hormigón, cemento y yeso","2.033,2","1.521","0"
"2023","8523 - Educación media técnica","1.326","2.165,1","0"
"2023","7210 - Investigaciones y desarrollo experimental en el campo de las ciencias naturales y la ingeniería","2.043,5","1.048","0"
"2023","4541 - Comercio de motocicletas y de sus partes, piezas y accesorios","2.742,2","0","0"
"2023","2410 - Industrias básicas de hierro y de acero","850","1.891,5","0"
"2023","4520 - Mantenimiento y reparación de vehículos automotores","0","2.647,8","0"
"2023","9603 - Pompas fúnebres y actividades relacionadas","2.529,5","0","0"
"2023","1313 - Acabado de productos textiles","1.069,5","1.430","0"
"2023","4741 - Comercio al por menor de computadores, equipos periféricos, programas de informática y equipos de telecomunicaciones en establecimientos especializados","2.360,7","0","0"
"2023","3830 - Recuperación de materiales","694","1.661","0"
"2023","6810 - Actividades inmobiliarias realizadas con bienes propios o arrendados","2.322,5","0","0"
"2023","2392 - Fabricación de materiales de arcilla para la construcción","1.225,4","1.075,1","0"
"2023","8551 - Formación para el trabajo (académica no formal CIIU 4AC)","2.117,8","147,1","0"
"2023","1610 - Aserrado, acepillado e impregnación de la madera","2.238,4","0","0"
"2023","4773 - Comercio al por menor de productos farmacéuticos y medicinales, cosméticos y artículos de tocador en establecimientos especializados","2.193,5","0","0"
"2023","2100 - Fabricación de productos farmacéuticos, sustancias químicas medicinales y productos botánicos de uso farmacéutico","1.961,9","204","0"
"2023","2310 - Fabricación de vidrio y productos de vidrio","1.697,4","372,6","0"
"2023","3600 - Captación, tratamiento y distribución de agua","1.145","909","0"
"2023","4659 - Comercio al por mayor de otros tipos de maquinaria y equipo n.c.p.","1.292","593,5","0"
"2023","1104 - Elaboración de bebidas no alcohólicas, producción de aguas minerales y otras aguas embotelladas","765,5","1.000,8","0"
"2023","4921 - Transporte de pasajeros","1.731","18","0"
"2023","0812 - Extracción de arcillas de uso industrial, caliza, caolín y bentonitas","1.167,6","558,1","0"
"2023","2021 - Fabricación de plaguicidas y otros productos químicos de uso agropecuario","1.365,9","314,6","0"
"2023","2421 - Industrias básicas de metales preciosos","1.627,5","0","0"
"2023","4511 - Comercio de vehículos automotores nuevos","147","1.305,2","0"
"2023","0510 - Extracción de hulla (carbón de piedra)","111","1.122","0"
"2023","1410 - Confección de prendas de vestir, excepto prendas de piel","1.223,3","0","0"
"2023","0220 - Extracción de madera","1.178,5","0","0"
"2023","7111 - Actividades de arquitectura","1.100,9","0","0"
"2023","1521 - Fabricación de calzado de cuero y piel, con cualquier tipo de suela","933,5","0","0"
"2023","0121 - Cultivo de frutas tropicales y subtropicales","857,5","0","0"
"2023","3512 - Transmisión de energía eléctrica","728","17","0"
"2023","9411 - Actividades de asociaciones empresariales y de empleadores","703,6","0","0"
"2023","0145 - Cría de aves de corral","653,5","0","0"
"2023","9329 - Otras actividades recreativas y de esparcimiento n.c.p.","414,1","233,2","0"
"2023","8622 - Actividades de la práctica odontológica","628,5","0","0"
"2023","7730 - Alquiler y arrendamiento de otros tipos de maquinaria, equipo y bienes tangibles n.c.p.","16","565","0"
"2023","4641 - Comercio al por mayor de productos textiles, productos confeccionados para uso doméstico","545","0","0"
"2023","8699 - Otras actividades de atención de la salud humana","526,3","0","0"
"2023","8544 - Educación de universidades","419","0","0"
"2023","8422 - Actividades de defensa","384,2","0","0"
"2023","4742 - Comercio al por menor de equipos y aparatos de sonido y de video, en establecimientos especializados","25","356","0"
"2023","2012 - Fabricación de abonos y compuestos inorgánicos nitrogenados","217","118","0"
"2023","4711 - Comercio al por menor en establecimientos no especializados con surtido compuesto principalmente por alimentos, bebidas (alcohólicas y no alcohólicas) o tabaco","312","0","0"
"2023","5021 - Transporte fluvial de pasajeros","142","140","0"
"2023","3822 - Tratamiento y disposición de desechos peligrosos","280,6","0","0"
"2023","1690 - Fabricación de otros productos de madera; fabricación de artículos de corcho, cestería y espartería","277,1","0","0"
"2023","0129 - Otros cultivos permanentes n.c.p.","249,2","0","0"
"2023","0899 - Extracción de otros minerales no metálicos n.c.p.","54","174","0"
"2023","1081 - Elaboración de productos de panadería","100","45","0"
"2023","8691 - Actividades de apoyo diagnóstico","107,1","0","0"
"2023","2391 - Fabricación de productos refractarios","106,8","0","0"
"2023","2219 - Fabricación de formas básicas de caucho y otros productos de caucho n.c.p.","96","0","0"
"2023","7010 - Actividades de administración empresarial","94","0","0"
"2023","4321 - Instalaciones eléctricas","52","5","0"
"2023","0125 - Cultivo de flor de corte","49","0","0"
"2023","4719 - Comercio al por menor en establecimientos no especializados, con surtido compuesto principalmente por productos diferentes de alimentos (víveres en general), bebidas (alcohólicas y no alcohólicas) y tabaco","39","0","0"
"2023","9321 - Actividades de parques de atracciones y parques temáticos","6,5","0","0"
"2023","5511 - Alojamiento en hoteles","1,8","0","0"
"2024","0610 - Extracción de petróleo crudo","17.424.721,5","12.861,3","0"
"2024","0722 - Extracción de oro y otros metales preciosos","672.458,1","383.621,4","0"
"2024","0910 - Actividades de apoyo para la extracción de petróleo y de gas natural","256.016,7","12.027","0"
"2024","8610 - Actividades de hospitales y clínicas, con internación","235.741,4","6.610,1","0"
"2024","4731 - Comercio al por menor de combustible para automotores","107.338","87.407,4","0"
"2024","|1","18.816","124.434,5","0"
"2024","3511 - Generación de energía eléctrica","41.056,6","101.065,9","0"
"2024","4290 - Construcción de otras obras de ingeniería civil","36.184","34.079,6","0"
"2024","0811 - Extracción de piedra, arena, arcillas comunes, yeso y anhidrita","20.512,7","35.659,8","0"
"2024","8699 - Otras actividades de atención de la salud humana","41.671,9","0","0"
"2024","4930 - Transporte por tuberías","10.711,9","29.357,8","0"
"2024","3821 - Tratamiento y disposición de desechos no peligrosos","8.581,7","26.026,7","0"
"2024","0990 - Actividades de apoyo para otras actividades de explotación de minas y canteras","12.082","22.303,8","0"
"2024","2399 - Fabricación de otros productos minerales no metálicos n.c.p.","20.854,5","1.065,7","0"
"2024","4661 - Comercio al por mayor de combustibles sólidos, líquidos, gaseosos y productos conexos","8.362,7","11.653,7","0"
"2024","9491 - Actividades de asociaciones religiosas","17.399,5","0","0"
"2024","4923 - Transporte de carga por carretera","6.380,2","10.407,2","0"
"2024","8621 - Actividades de la práctica médica, sin internación","14.084,7","8,6","0"
"2024","3520 - Producción de gas; distribución de combustibles gaseosos por tuberías","816,3","8.833,9","0"
"2024","4111 - Construcción de edificios residenciales","5.576,7","2.241,6","13"
"2024","4690 - Comercio al por mayor no especializado","6.637,4","229","0"
"2024","8692 - Actividades de apoyo terapéutico","6.282,8","0","0"
"2024","4669 - Comercio al por mayor de otros productos n.c.p.","5.871,3","0","0"
"2024","0144 - Cría de ganado porcino","5.569,4","23,3","0"
"2024","7500 - Actividades veterinarias","5.392,4","44,5","0"
"2024","3900 - Actividades de saneamiento ambiental y otros servicios de gestión de desechos","5.089","0","0"
"2024","4711 - Comercio al por menor en establecimientos no especializados con surtido compuesto principalmente por alimentos, bebidas (alcohólicas y no alcohólicas) o tabaco","4.868,8","0","0"
"2024","4741 - Comercio al por menor de computadores, equipos periféricos, programas de informática y equipos de telecomunicaciones en establecimientos especializados","4.586","0","0"
"2024","7111 - Actividades de arquitectura","4.066,5","0","0"
"2024","0113 - Cultivo de hortalizas, raíces y tubérculos","1.851,7","1.873,8","0"
"2024","8523 - Educación media técnica","2.647","1.077,6","0"
"2024","4530 - Comercio de partes, piezas (autopartes) y accesorios (lujos) para vehículos automotores","3.098","407","0"
"2024","0812 - Extracción de arcillas de uso industrial, caliza, caolín y bentonitas","1.088,2","2.386,4","0"
"2024","4541 - Comercio de motocicletas y de sus partes, piezas y accesorios","3.336,6","7","0"
"2024","4664 - Comercio al por mayor de productos químicos básicos, cauchos y plásticos en formas primarias y productos químicos de uso agropecuario","3.048,3","208,6","0"
"2024","4511 - Comercio de vehículos automotores nuevos","224","2.983,3","0"
"2024","7112 - Actividades de ingeniería y otras actividades conexas de consultoría técnica","2.311","765","0"
"2024","3600 - Captación, tratamiento y distribución de agua","2.168,3","723,8","0"
"2024","7210 - Investigaciones y desarrollo experimental en el campo de las ciencias naturales y la ingeniería","2.501,1","226","0"
"2024","9603 - Pompas fúnebres y actividades relacionadas","2.661,4","0","0"
"2024","4921 - Transporte de pasajeros","1.150","1.339","0"
"2024","4659 - Comercio al por mayor de otros tipos de maquinaria y equipo n.c.p.","1.485","320,6","0"
"2024","0129 - Otros cultivos permanentes n.c.p.","1.592,6","0","0"
"2024","6810 - Actividades inmobiliarias realizadas con bienes propios o arrendados","1.220,4","358","0"
"2024","8551 - Formación para el trabajo (académica no formal CIIU 4AC)","1.408","70","0"
"2024","0210 - Silvicultura y otras actividades forestales","1.051,7","381,4","0"
"2024","4520 - Mantenimiento y reparación de vehículos automotores","0","1.401","0"
"2024","7730 - Alquiler y arrendamiento de otros tipos de maquinaria, equipo y bienes tangibles n.c.p.","322,5","963","0"
"2024","0220 - Extracción de madera","1.165,5","0","0"
"2024","1312 - Tejeduría de productos textiles","1.124","0","0"
"2024","3830 - Recuperación de materiales","96","997","0"
"2024","4742 - Comercio al por menor de equipos y aparatos de sonido y de video, en establecimientos especializados","1.024","0","0"
"2024","8622 - Actividades de la práctica odontológica","912,2","27,2","0"
"2024","0510 - Extracción de hulla (carbón de piedra)","166","765","0"
"2024","9411 - Actividades de asociaciones empresariales y de empleadores","797,9","0","0"
"2024","0710 - Extracción de minerales de hierro","42","711,9","0"
"2024","9329 - Otras actividades recreativas y de esparcimiento n.c.p.","542,5","85,4","0"
"2024","1040 - Elaboración de productos lácteos","286,4","328","0"
"2024","1521 - Fabricación de calzado de cuero y piel, con cualquier tipo de suela","490","0","0"
"2024","9499 - Actividades de otras asociaciones n.c.p.","0","420","0"
"2024","0145 - Cría de aves de corral","416","0","0"
"2024","0121 - Cultivo de frutas tropicales y subtropicales","337,4","0","0"
"2024","8544 - Educación de universidades","281,1","38","0"
"2024","3822 - Tratamiento y disposición de desechos peligrosos","273,1","0","0"
"2024","8691 - Actividades de apoyo diagnóstico","262,5","0","0"
"2024","3512 - Transmisión de energía eléctrica","97,7","109,6","0"
"2024","8720 - Actividades de atención residencial, para el cuidado de pacientes con retardo mental, enfermedad mental y consumo de sustancias psicoactivas","164","0","0"
"2024","5021 - Transporte fluvial de pasajeros","0","123","0"
"2024","4321 - Instalaciones eléctricas","68,7","19,5","0"
"2024","2012 - Fabricación de abonos y compuestos inorgánicos nitrogenados","86,1","0","0"
"2024","0125 - Cultivo de flor de corte","54,5","0","0"
"2024","8010 - Actividades de seguridad privada","43","0","0"
"2024","0899 - Extracción de otros minerales no metálicos n.c.p.","28","10","0"
"2024","4732 - Comercio al por menor de lubricantes (aceites, grasas), aditivos y productos de limpieza para vehículos automotores","25","4","0"
"2024","4773 - Comercio al por menor de productos farmacéuticos y medicinales, cosméticos y artículos de tocador en establecimientos especializados","27,1","0","0"
"2024","5511 - Alojamiento en hoteles","1,8","0","0"
