"Vigencia","Corriente de Residuo o Desecho Peligroso","Solido/Semisolido (kg)","Liquido (kg)","Gaseoso (kg)"
"2017","Y1 - Desechos clínicos resultantes de la atención médica prestada en hospitales, centros médicos y clínicas.","98.662","0","0"
"2017","Y1.1 - Desechos clínicos ANATOMOPATOLÓGICOS resultantes de la atención en salud en Hospitales, consultorios, clínicas y otros","333","0","0"
"2017","Y1.2 - Desechos clínicos BIOSANITARIOS resultantes de la atención en salud en Hospitales, consultorios, clínicas y otros","5.973","0","0"
"2017","Y1.3 - Desechos clínicos CORTOPUNZANTES resultantes de la atención en salud en Hospitales, consultorios, clínicas y otros","418,9","0","0"
"2017","Y1.4 - Desechos de ANIMALES - residuos decomisos NO aprovechables","0","0","0"
"2017","Y2 - Desechos resultantes de la producción y preparación de productos farmacéuticos.","0","650,4","0"
"2017","Y3 - Desechos de medicamentos y productos farmacéuticos.","708,12","2,2","0"
"2017","Y4 - Desechos resultantes de la producción, la preparación y la utilización de biocidas y productos fitofarmacéuticos.","3.885,91","0","0"
"2017","Y6 - Desechos resultantes de la producción, la preparación y la utilización de disolventes orgánicos.","47.333,8","11.853,4","0"
"2017","Y8 - Desechos de aceites minerales no aptos para el uso a que estaban destinados.","122.279,69","202.127,46","0"
"2017","Y9 - Mezclas y emulsiones de desechos de aceite y agua o de hidrocarburos y agua.","12.205.384,7","145.539,75","0"
"2017","Y10 - Sustancias y artículos de desecho que contengan, o estén contaminados por, bifenilos policlorados (PCB), terfenilos policlorados (PCT) o bifenilos polibromados (PBB).","1.497,8","0","0"
"2017","Y11 - Residuos alquitranados resultantes de la refinación, destilación o cualquier otro tratamiento pirolítico.","0","0","0"
"2017","Y12 - Desechos resultantes de la producción, preparación y utilización de tintas, colorantes, pigmentos, pinturas, lacas o barnices.","155.987,31","12.464,9","0"
"2017","Y13 - Desechos resultantes de la producción, preparación y utilización de resinas, látex, plastificantes o colas y adhesivos.","86.493,24","700,1","0"
"2017","Y14 - Sustancias químicas de desecho, no identificadas o nuevas, resultantes de la investigación y el desarrollo o de las actividades de enseñanza y cuyos efectos en el ser humano o el medio ambiente no se conozcan.","27,5","386,4","0"
"2017","Y15 - Desechos de carácter explosivo que no estén sometidos a una legislación diferente.","143,7","0","0"
"2017","Y16 - Desechos resultantes de la producción, preparación y utilización de productos químicos y materiales para fines fotográficos.","148,89","82,34","0"
"2017","Y17 - Desechos resultantes del tratamiento de superficie de metales y plásticos.","268","191,8","0"
"2017","Y18 - Residuos resultantes de las operaciones de eliminación de desechos industriales.","59.819,32","11.954,3","0"
"2017","Y21 - Desechos que tengan como constituyentes: Compuestos de cromo hexavalente.","0","1.722,2","0"
"2017","Y22 - Desechos que tengan como constituyentes: Compuestos de cobre.","105","0","0"
"2017","Y23 - Desechos que tengan como constituyentes: Compuestos de zinc.","32,6","0","0"
"2017","Y26 - Desechos que tengan como constituyentes: Cadmio, compuestos de cadmio.","62,75","0","0"
"2017","Y29 - Desechos que tengan como constituyentes: Mercurio, compuestos de mercurio.","2.306,08","45,4","72,5"
"2017","Y31 - Desechos que tengan como constituyentes: Plomo, compuestos de plomo.","37.237,33","0","0"
"2017","Y32 - Desechos que tengan como constituyentes compuestos inorgánicos de flúor, con exclusión del fluoruro cálcico","0","7","0"
"2017","Y34 - Desechos que tengan como constituyentes: Soluciones ácidas o ácidos en forma sólida.","1.059,5","444","0"
"2017","Y35 - Desechos que tengan como constituyentes: Soluciones básicas o bases en forma sólida.","217,4","857,6","0"
"2017","Y36 - Desechos que tengan como constituyente Asbesto (polvo y fibras).","5.297,1","0","0"
"2017","Y37 - Desechos que tengan como constituyentes: Compuestos orgánicos de fósforo.","0,7","235","0"
"2017","Y38 - Desechos que tengan como constituyentes: Cianuros orgánicos.","980","1.814,2","0"
"2017","Y39 - Desechos que tengan como constituyentes: Fenoles, compuestos fenólicos, con inclusión de clorofenoles.","34","0","0"
"2017","Y40 - Desechos que tengan como constituyentes: Éteres.","40,8","0","0"
"2017","Y41 - Desechos que tengan como constituyentes: Solventes orgánicos halogenados.","7,6","600","0"
"2017","Y42 - Desechos que tengan como constituyentes: Disolventes orgánicos, con exclusión de disolventes halogenados.","30,9","282,8","0"
"2017","A1010 - Desechos metálicos y desechos que contengan aleaciones de cualquiera de las sustancias siguientes: Antimonio, Arsénico, Berilio, Cadmio, Plomo, Mercurio, Selenio, Telurio, Talio, pero excluidos los desechos que figuran específicamente en la lista B.","456,88","1.294","0"
"2017","A1020 - Desechos que tengan como constituyentes o contaminantes, excluidos los desechos de metal en forma masiva, cualquiera de las sustancias siguientes: - Antimonio","18","0","0"
"2017","A1030 - Desechos que tengan como constituyentes o contaminantes cualquiera de las sustancias siguientes: - Arsénico","222,3","0","0"
"2017","A1120 - Lodos residuales, excluidos los fangos anódicos, de los sistemas de depuración electrolítica de las operaciones de refinación y extracción electrolítica del cobre.","18.942,1","0","0"
"2017","A1150 - Cenizas de metales preciosos procedentes de la incineración de circuitos impresos no incluidos en la lista B.","0","0","0"
"2017","A1160 - Acumuladores de plomo de desecho, enteros o triturados.","75.295,65","0","0"
"2017","A1170 - Acumuladores de desecho sin seleccionar excluidas mezclas de acumuladores sólo de la lista B. Los acumuladores de desecho no incluidos en la lista B que contengan constituyentes del Anexo I en tal grado que los conviertan en peligrosos.","292,2","0","0"
"2017","A1180 - Montajes eléctricos y electrónicos de desecho o restos de éstos que contengan componentes como acumuladores y otras baterías incluidos en la lista A, interruptores de mercurio, vidrios de tubos de rayos catódicos y otros vidrios activados y capacitadores de PCB, o contaminados con constituyentes del Anexo I (por ejemplo, cadmio, mercurio, plomo, bifenilo policlorado) en tal grado que posean alguna de las características del Anexo III (véase la entrada correspondiente en la lista B B1110) .","8.353,61","3.921","128,2"
"2017","A2010 - Desechos de vidrio de tubos de rayos catódicos y otros vidrios activados.","88,4","0","0"
"2017","A2050 - Desechos de amianto (polvo y fibras).","589,5","0","0"
"2017","A3010 - Desechos resultantes de la producción o el tratamiento de coque de petróleo y asfalto.","334","0","0"
"2017","A3020 - Aceites minerales de desecho no aptos para el uso al que estaban destinados.","74.924,48","305.942,01","0"
"2017","A3030 - Desechos que contengan, estén integrados o estén contaminados por lodos de compuestos antidetonantes con plomo.","0","4.466,8","0"
"2017","A3040 - Desechos de líquidos térmicos (transferencia de calor).","410","0","0"
"2017","A3050 - Desechos resultantes de la producción, preparación y utilización de resinas, látex, plastificantes o colas/adhesivos excepto los desechos especificados en la lista B (véase el apartado correspondiente en la lista B B4020).","90","0","0"
"2017","A3110 - Desechos del curtido de pieles que contengan compuestos de cromo hexavalente o biocidas o sustancias infecciosas (véase el apartado correspondiente en la lista B B3110).","384,2","0","0"
"2017","A3130 - Desechos de compuestos de fósforo orgánicos.","956","0","0"
"2017","A3140 - Desechos de disolventes orgánicos no halogenados pero con exclusión de los desechos especificados en la lista B.","0","4.014,8","0"
"2017","A3150 - Desechos de disolventes orgánicos halogenados.","11.130,3","9.822","0"
"2017","A3170 - Desechos resultantes de la producción de hidrocarburos halogenados alifáticos (tales como clorometano, dicloroetano, cloruro de vinilo, cloruro de alilo y epicloridrina).","184","0","0"
"2017","A3200 - Material bituminoso (desechos de asfalto) con contenido de alquitrán resultantes de la construcción y el mantenimiento de carreteras (obsérvese el artículo correspondiente B2130 de la lista B).","4.396,88","0","0"
"2017","A4020 - Desechos clínicos y afines","247.184,96","298","0"
"2017","A4030 - Desechos resultantes de la producción, la preparación y la utilización de biocidas y productos fitofarmacéuticos, con inclusión de desechos de plaguicidas y herbicidas que no respondan a las especificaciones, caducados , en desuso o no aptos para el uso previsto originalmente.","90,8","6,5","0"
"2017","A4040 - Desechos resultantes de la fabricación, preparación y utilización de productos químicos para la preservación de la madera .","0","21,8","0"
"2017","A4050 - Desechos que contienen, consisten o están contaminados con algunos de los productos siguientes: - Cianuros inorgánicos, con excepción de residuos que contienen metales preciosos, en forma sólida, con trazas de cianuros inorgánicos","942","0","0"
"2017","A4060 - Desechos de mezclas y emulsiones de aceite y agua o de hidrocarburos y agua.","171.481,9","113.407,2","0"
"2017","A4070 - Desechos resultantes de la producción, preparación y utilización de tintas, colorantes, pigmentos, pinturas, lacas o barnices, con exclusión de los desechos especificados en la lista B (véase el apartado correspondiente de la lista B B4010).","13.526,01","43,55","0"
"2017","A4090 - Desechos de soluciones ácidas o básicas, distintas de las especificadas en el apartado correspondiente de la lista B (véase el apartado correspondiente de la lista B B2120).","8,4","919,6","0"
"2017","A4100 - Desechos resultantes de la utilización de dispositivos de control de la contaminación industrial para la depuración de los gases industriales, pero con exclusión de los desechos especificados en la lista B.","1.235","0","0"
"2017","A4120 - Desechos que contienen, consisten o están contaminados con peróxidos","244","43","0"
"2017","A4130 - Envases y contenedores de desechos que contienen sustancias incluidas en el Anexo I, en concentraciones suficientes como para mostrar las características peligrosas del Anexo III.","50.882,84","0","0"
"2017","A4140 - Desechos consistentes o que contienen productos químicos que no responden a las especificaciones o caducados correspondientes a las categorías del anexo I, y que muestran las características peligrosas del Anexo III.","27.758,81","3.733,7","0"
"2017","A4150 - Sustancias químicas de desecho, no identificadas o nuevas, resultantes de la investigación y el desarrollo o de las actividades de enseñanza y cuyos efectos en el ser humano o el medio ambiente no se conozcan.","0","34,7","0"
"2017","A4160 - Carbono activado consumido no incluido en la lista B (véase el correspondiente apartado de la lista B B2060).","781,3","0","0"
"2019","Y1.1 - Desechos clínicos ANATOMOPATOLÓGICOS resultantes de la atención en salud en Hospitales, consultorios, clínicas y otros","16.331,13","0","0"
"2019","Y1.2 - Desechos clínicos BIOSANITARIOS resultantes de la atención en salud en Hospitales, consultorios, clínicas y otros","211.955,43","0","0"
"2019","Y1.3 - Desechos clínicos CORTOPUNZANTES resultantes de la atención en salud en Hospitales, consultorios, clínicas y otros","14.155,08","0","0"
"2019","Y1.4 - Desechos de ANIMALES - residuos decomisos NO aprovechables","66.114","0","0"
"2019","Y2 - Desechos resultantes de la producción y preparación de productos farmacéuticos.","1.526,7","980","0"
"2019","Y3 - Desechos de medicamentos y productos farmacéuticos.","4.516,67","7,6","0"
"2019","Y4 - Desechos resultantes de la producción, la preparación y la utilización de biocidas y productos fitofarmacéuticos.","2.503,1","0","0"
"2019","Y5 - Desechos resultantes de la fabricación, preparación y utilización de productos químicos para la preservación de la madera.","825,8","0","0"
"2019","Y6 - Desechos resultantes de la producción, la preparación y la utilización de disolventes orgánicos.","7.090,19","14.417,8","0"
"2019","Y8 - Desechos de aceites minerales no aptos para el uso a que estaban destinados.","89.275,27","227.762,64","0"
"2019","Y9 - Mezclas y emulsiones de desechos de aceite y agua o de hidrocarburos y agua.","95.417.168,5","74.929,39","0"
"2019","Y10 - Sustancias y artículos de desecho que contengan, o estén contaminados por, bifenilos policlorados (PCB), terfenilos policlorados (PCT) o bifenilos polibromados (PBB).","4.057,7","0","0"
"2019","Y12 - Desechos resultantes de la producción, preparación y utilización de tintas, colorantes, pigmentos, pinturas, lacas o barnices.","163.627,73","2.261,45","3,2"
"2019","Y13 - Desechos resultantes de la producción, preparación y utilización de resinas, látex, plastificantes o colas y adhesivos.","24.136,5","157.862","0"
"2019","Y14 - Sustancias químicas de desecho, no identificadas o nuevas, resultantes de la investigación y el desarrollo o de las actividades de enseñanza y cuyos efectos en el ser humano o el medio ambiente no se conozcan.","860,24","371,7","0"
"2019","Y15 - Desechos de carácter explosivo que no estén sometidos a una legislación diferente.","0","0","0"
"2019","Y16 - Desechos resultantes de la producción, preparación y utilización de productos químicos y materiales para fines fotográficos.","79,08","1.594,12","0"
"2019","Y17 - Desechos resultantes del tratamiento de superficie de metales y plásticos.","14.536,8","0","0"
"2019","Y18 - Residuos resultantes de las operaciones de eliminación de desechos industriales.","74.670,28","12.023,5","0"
"2019","Y21 - Desechos que tengan como constituyentes: Compuestos de cromo hexavalente.","0","99,5","0"
"2019","Y23 - Desechos que tengan como constituyentes: Compuestos de zinc.","11,2","0","0"
"2019","Y24 - Desechos que tengan como constituyentes: Arsénico, compuestos de arsénico.","0","0","0"
"2019","Y26 - Desechos que tengan como constituyentes: Cadmio, compuestos de cadmio.","2.489,92","0","0"
"2019","Y29 - Desechos que tengan como constituyentes: Mercurio, compuestos de mercurio.","3.484,35","0","8"
"2019","Y31 - Desechos que tengan como constituyentes: Plomo, compuestos de plomo.","81.591,9","0","0"
"2019","Y33 - Desechos que tengan como constituyentes: Cianuros inorgánicos.","0","0","0"
"2019","Y34 - Desechos que tengan como constituyentes: Soluciones ácidas o ácidos en forma sólida.","2.452,4","374,1","0"
"2019","Y35 - Desechos que tengan como constituyentes: Soluciones básicas o bases en forma sólida.","81.678,7","1.036,1","0"
"2019","Y36 - Desechos que tengan como constituyente Asbesto (polvo y fibras).","161.316,8","0","0"
"2019","Y37 - Desechos que tengan como constituyentes: Compuestos orgánicos de fósforo.","195,32","464,4","0"
"2019","Y38 - Desechos que tengan como constituyentes: Cianuros orgánicos.","1.125,8","475","0"
"2019","Y41 - Desechos que tengan como constituyentes: Solventes orgánicos halogenados.","0","60","0"
"2019","Y42 - Desechos que tengan como constituyentes: Disolventes orgánicos, con exclusión de disolventes halogenados.","4,7","332","0"
"2019","A1010 - Desechos metálicos y desechos que contengan aleaciones de cualquiera de las sustancias siguientes: Antimonio, Arsénico, Berilio, Cadmio, Plomo, Mercurio, Selenio, Telurio, Talio, pero excluidos los desechos que figuran específicamente en la lista B.","1.920,32","0","0"
"2019","A1020 - Desechos que tengan como constituyentes o contaminantes, excluidos los desechos de metal en forma masiva, cualquiera de las sustancias siguientes: - Antimonio","4.974,6","0","0"
"2019","A1030 - Desechos que tengan como constituyentes o contaminantes cualquiera de las sustancias siguientes: - Arsénico","273,1","0","0"
"2019","A1070 - Residuos de lixiviación del tratamiento del zinc, polvos y lodos como jarosita, hematites, etc.","1.407","0","0"
"2019","A1080 - Residuos de desechos de zinc no incluidos en la lista B, que contengan plomo y cadmio en concentraciones tales que presenten características del Anexo III.","173,7","0","0"
"2019","A1120 - Lodos residuales, excluidos los fangos anódicos, de los sistemas de depuración electrolítica de las operaciones de refinación y extracción electrolítica del cobre.","2.338,5","0","0"
"2019","A1150 - Cenizas de metales preciosos procedentes de la incineración de circuitos impresos no incluidos en la lista B.","532,8","0","0"
"2019","A1160 - Acumuladores de plomo de desecho, enteros o triturados.","26.670,4","164.055","0"
"2019","A1170 - Acumuladores de desecho sin seleccionar excluidas mezclas de acumuladores sólo de la lista B. Los acumuladores de desecho no incluidos en la lista B que contengan constituyentes del Anexo I en tal grado que los conviertan en peligrosos.","292,6","0","0"
"2019","A1180 - Montajes eléctricos y electrónicos de desecho o restos de éstos que contengan componentes como acumuladores y otras baterías incluidos en la lista A, interruptores de mercurio, vidrios de tubos de rayos catódicos y otros vidrios activados y capacitadores de PCB, o contaminados con constituyentes del Anexo I (por ejemplo, cadmio, mercurio, plomo, bifenilo policlorado) en tal grado que posean alguna de las características del Anexo III (véase la entrada correspondiente en la lista B B1110) .","18.247,8","0","0"
"2019","A2010 - Desechos de vidrio de tubos de rayos catódicos y otros vidrios activados.","109,1","0","0"
"2019","A2040 - Yeso de desecho procedente de procesos de la industria química, si contiene constituyentes del Anexo I en tal grado que presenten una característica peligrosa del Anexo III (véase la entrada correspondiente en la lista B B2080).","1.972","0","0"
"2019","A2050 - Desechos de amianto (polvo y fibras).","70,8","0","0"
"2019","A2060 - Cenizas volantes de centrales eléctricas de carbón que contengan sustancias del Anexo I en concentraciones tales que presenten características del Anexo III (véase la entrada correspondiente en la lista B B2050).","135","0","0"
"2019","A3020 - Aceites minerales de desecho no aptos para el uso al que estaban destinados.","88.203,46","344.641,89","0"
"2019","A3050 - Desechos resultantes de la producción, preparación y utilización de resinas, látex, plastificantes o colas/adhesivos excepto los desechos especificados en la lista B (véase el apartado correspondiente en la lista B B4020).","15,36","0","0"
"2019","A3120 - Pelusas - fragmentos ligeros resultantes del desmenuzamiento.","33.561","0","0"
"2019","A3130 - Desechos de compuestos de fósforo orgánicos.","470","0","0"
"2019","A3140 - Desechos de disolventes orgánicos no halogenados pero con exclusión de los desechos especificados en la lista B.","376,6","3.120,1","0"
"2019","A3150 - Desechos de disolventes orgánicos halogenados.","571,5","0","0"
"2019","A3200 - Material bituminoso (desechos de asfalto) con contenido de alquitrán resultantes de la construcción y el mantenimiento de carreteras (obsérvese el artículo correspondiente B2130 de la lista B).","4.359,64","0","0"
"2019","A4020.1 - Desechos clínicos y afines ANATOMOPATOLÓGICOS","10,9","0","0"
"2019","A4020.2 - Desechos clínicos y afines BIOSANITARIOS","3.858,44","0","0"
"2019","A4020.3 - Desechos clínicos y afines CORTOPUNZANTES","332,08","0","0"
"2019","A4020.4 - Desechos clínicos y afines DE ANIMALES","488,6","0","0"
"2019","A4030 - Desechos resultantes de la producción, la preparación y la utilización de biocidas y productos fitofarmacéuticos, con inclusión de desechos de plaguicidas y herbicidas que no respondan a las especificaciones, caducados , en desuso o no aptos para el uso previsto originalmente.","274,02","0","0"
"2019","A4060 - Desechos de mezclas y emulsiones de aceite y agua o de hidrocarburos y agua.","226.377,7","69.846,17","42,1"
"2019","A4070 - Desechos resultantes de la producción, preparación y utilización de tintas, colorantes, pigmentos, pinturas, lacas o barnices, con exclusión de los desechos especificados en la lista B (véase el apartado correspondiente de la lista B B4010).","4.273,59","110,27","0"
"2019","A4090 - Desechos de soluciones ácidas o básicas, distintas de las especificadas en el apartado correspondiente de la lista B (véase el apartado correspondiente de la lista B B2120).","7,1","65,3","0"
"2019","A4100 - Desechos resultantes de la utilización de dispositivos de control de la contaminación industrial para la depuración de los gases industriales, pero con exclusión de los desechos especificados en la lista B.","1.790,3","0","0"
"2019","A4120 - Desechos que contienen, consisten o están contaminados con peróxidos","297,1","58","0"
"2019","A4130 - Envases y contenedores de desechos que contienen sustancias incluidas en el Anexo I, en concentraciones suficientes como para mostrar las características peligrosas del Anexo III.","50.192,53","669,6","0"
"2019","A4140 - Desechos consistentes o que contienen productos químicos que no responden a las especificaciones o caducados correspondientes a las categorías del anexo I, y que muestran las características peligrosas del Anexo III.","40.834,57","7.312,55","0"
"2019","A4150 - Sustancias químicas de desecho, no identificadas o nuevas, resultantes de la investigación y el desarrollo o de las actividades de enseñanza y cuyos efectos en el ser humano o el medio ambiente no se conozcan.","0","9,8","0"
"2020","Y1.1 - Desechos clínicos ANATOMOPATOLÓGICOS resultantes de la atención en salud en Hospitales, consultorios, clínicas y otros","10.989,1","0","0"
"2020","Y1.2 - Desechos clínicos BIOSANITARIOS resultantes de la atención en salud en Hospitales, consultorios, clínicas y otros","161.089,53","0","0"
"2020","Y1.3 - Desechos clínicos CORTOPUNZANTES resultantes de la atención en salud en Hospitales, consultorios, clínicas y otros","13.639,95","0","0"
"2020","Y1.4 - Desechos de ANIMALES - residuos decomisos NO aprovechables","41.394,4","0","0"
"2020","Y2 - Desechos resultantes de la producción y preparación de productos farmacéuticos.","376","618,8","0"
"2020","Y3 - Desechos de medicamentos y productos farmacéuticos.","3.654,34","2,84","0"
"2020","Y4 - Desechos resultantes de la producción, la preparación y la utilización de biocidas y productos fitofarmacéuticos.","3.086","0","0"
"2020","Y5 - Desechos resultantes de la fabricación, preparación y utilización de productos químicos para la preservación de la madera.","292,6","0","0"
"2020","Y6 - Desechos resultantes de la producción, la preparación y la utilización de disolventes orgánicos.","14.519,96","757","0"
"2020","Y8 - Desechos de aceites minerales no aptos para el uso a que estaban destinados.","111.325,76","197.781,01","0"
"2020","Y9 - Mezclas y emulsiones de desechos de aceite y agua o de hidrocarburos y agua.","57.854.062,07","142.253,65","0"
"2020","Y10 - Sustancias y artículos de desecho que contengan, o estén contaminados por, bifenilos policlorados (PCB), terfenilos policlorados (PCT) o bifenilos polibromados (PBB).","300,7","0","0"
"2020","Y12 - Desechos resultantes de la producción, preparación y utilización de tintas, colorantes, pigmentos, pinturas, lacas o barnices.","36.904,31","1.304,5","1,3"
"2020","Y13 - Desechos resultantes de la producción, preparación y utilización de resinas, látex, plastificantes o colas y adhesivos.","11.957,82","160.567,3","0"
"2020","Y14 - Sustancias químicas de desecho, no identificadas o nuevas, resultantes de la investigación y el desarrollo o de las actividades de enseñanza y cuyos efectos en el ser humano o el medio ambiente no se conozcan.","140,6","661,8","0"
"2020","Y16 - Desechos resultantes de la producción, preparación y utilización de productos químicos y materiales para fines fotográficos.","37,9","1.308,58","0"
"2020","Y17 - Desechos resultantes del tratamiento de superficie de metales y plásticos.","1.036,25","0","9,6"
"2020","Y18 - Residuos resultantes de las operaciones de eliminación de desechos industriales.","38.029,7","12.604,8","0"
"2020","Y19 - Desechos que tengan como constituyentes: Metales carbonilos.","0,6","0","0"
"2020","Y21 - Desechos que tengan como constituyentes: Compuestos de cromo hexavalente.","0","410,8","0"
"2020","Y22 - Desechos que tengan como constituyentes: Compuestos de cobre.","419","0","0"
"2020","Y23 - Desechos que tengan como constituyentes: Compuestos de zinc.","22,5","0","0"
"2020","Y24 - Desechos que tengan como constituyentes: Arsénico, compuestos de arsénico.","0","0","0"
"2020","Y26 - Desechos que tengan como constituyentes: Cadmio, compuestos de cadmio.","343,36","0","0"
"2020","Y29 - Desechos que tengan como constituyentes: Mercurio, compuestos de mercurio.","2.828,27","1","3"
"2020","Y31 - Desechos que tengan como constituyentes: Plomo, compuestos de plomo.","16.399,3","0","0"
"2020","Y33 - Desechos que tengan como constituyentes: Cianuros inorgánicos.","585,6","0","0"
"2020","Y34 - Desechos que tengan como constituyentes: Soluciones ácidas o ácidos en forma sólida.","1.469","213,4","0"
"2020","Y35 - Desechos que tengan como constituyentes: Soluciones básicas o bases en forma sólida.","6,1","1.155","0"
"2020","Y36 - Desechos que tengan como constituyente Asbesto (polvo y fibras).","1.336","0","0"
"2020","Y37 - Desechos que tengan como constituyentes: Compuestos orgánicos de fósforo.","1.894,5","436,3","0"
"2020","Y39 - Desechos que tengan como constituyentes: Fenoles, compuestos fenólicos, con inclusión de clorofenoles.","2","0","0"
"2020","Y40 - Desechos que tengan como constituyentes: Éteres.","29","0","0"
"2020","Y42 - Desechos que tengan como constituyentes: Disolventes orgánicos, con exclusión de disolventes halogenados.","389","4.347,2","0"
"2020","Y45 - Desechos que tengan como constituyentes: Compuestos organohalogenados, que no sean las sustancias mencionadas en Y39, Y41, Y42, Y43, Y44).","80,6","0","0"
"2020","A1010 - Desechos metálicos y desechos que contengan aleaciones de cualquiera de las sustancias siguientes: Antimonio, Arsénico, Berilio, Cadmio, Plomo, Mercurio, Selenio, Telurio, Talio, pero excluidos los desechos que figuran específicamente en la lista B.","3.592,91","102","0"
"2020","A1020 - Desechos que tengan como constituyentes o contaminantes, excluidos los desechos de metal en forma masiva, cualquiera de las sustancias siguientes: - Antimonio","3","0","0"
"2020","A1030 - Desechos que tengan como constituyentes o contaminantes cualquiera de las sustancias siguientes: - Arsénico","300,9","0","0"
"2020","A1050 - Lodos galvánicos.","452","0","0"
"2020","A1070 - Residuos de lixiviación del tratamiento del zinc, polvos y lodos como jarosita, hematites, etc.","126","0","0"
"2020","A1080 - Residuos de desechos de zinc no incluidos en la lista B, que contengan plomo y cadmio en concentraciones tales que presenten características del Anexo III.","300","0","0"
"2020","A1110 - Soluciones electrolíticas usadas de las operaciones de refinación y extracción electrolítica del cobre.","0","5","0"
"2020","A1120 - Lodos residuales, excluidos los fangos anódicos, de los sistemas de depuración electrolítica de las operaciones de refinación y extracción electrolítica del cobre.","109.748","0","0"
"2020","A1150 - Cenizas de metales preciosos procedentes de la incineración de circuitos impresos no incluidos en la lista B.","1.951,2","0","0"
"2020","A1160 - Acumuladores de plomo de desecho, enteros o triturados.","24.507,1","622.438,1","0"
"2020","A1170 - Acumuladores de desecho sin seleccionar excluidas mezclas de acumuladores sólo de la lista B. Los acumuladores de desecho no incluidos en la lista B que contengan constituyentes del Anexo I en tal grado que los conviertan en peligrosos.","196","0","0"
"2020","A1180 - Montajes eléctricos y electrónicos de desecho o restos de éstos que contengan componentes como acumuladores y otras baterías incluidos en la lista A, interruptores de mercurio, vidrios de tubos de rayos catódicos y otros vidrios activados y capacitadores de PCB, o contaminados con constituyentes del Anexo I (por ejemplo, cadmio, mercurio, plomo, bifenilo policlorado) en tal grado que posean alguna de las características del Anexo III (véase la entrada correspondiente en la lista B B1110) .","9.076,37","0","0"
"2020","A2010 - Desechos de vidrio de tubos de rayos catódicos y otros vidrios activados.","224,1","0","0"
"2020","A3010 - Desechos resultantes de la producción o el tratamiento de coque de petróleo y asfalto.","23.422.962","0","0"
"2020","A3020 - Aceites minerales de desecho no aptos para el uso al que estaban destinados.","82.006,36","191.442,06","0"
"2020","A3050 - Desechos resultantes de la producción, preparación y utilización de resinas, látex, plastificantes o colas/adhesivos excepto los desechos especificados en la lista B (véase el apartado correspondiente en la lista B B4020).","14,82","11.046,6","0"
"2020","A3120 - Pelusas - fragmentos ligeros resultantes del desmenuzamiento.","4.035","0","0"
"2020","A3140 - Desechos de disolventes orgánicos no halogenados pero con exclusión de los desechos especificados en la lista B.","4,9","1.263,3","0"
"2020","A3150 - Desechos de disolventes orgánicos halogenados.","302,7","0","0"
"2020","A3170 - Desechos resultantes de la producción de hidrocarburos halogenados alifáticos (tales como clorometano, dicloroetano, cloruro de vinilo, cloruro de alilo y epicloridrina).","82,9","0","0"
"2020","A3190 - Desechos de residuos alquitranados (con exclusión de los cementos asfálticos) resultantes de la refinación, destilación o cualquier otro tratamiento pirolítico de materiales orgánicos.","12,5","0","0"
"2020","A3200 - Material bituminoso (desechos de asfalto) con contenido de alquitrán resultantes de la construcción y el mantenimiento de carreteras (obsérvese el artículo correspondiente B2130 de la lista B).","681","0","0"
"2020","A4020.2 - Desechos clínicos y afines BIOSANITARIOS","3.475,3","0,9","0"
"2020","A4020.3 - Desechos clínicos y afines CORTOPUNZANTES","646,2","0","0"
"2020","A4020.4 - Desechos clínicos y afines DE ANIMALES","1.323,6","0","0"
"2020","A4030 - Desechos resultantes de la producción, la preparación y la utilización de biocidas y productos fitofarmacéuticos, con inclusión de desechos de plaguicidas y herbicidas que no respondan a las especificaciones, caducados , en desuso o no aptos para el uso previsto originalmente.","3,08","2,5","0"
"2020","A4040 - Desechos resultantes de la fabricación, preparación y utilización de productos químicos para la preservación de la madera .","2.673,6","5","0"
"2020","A4060 - Desechos de mezclas y emulsiones de aceite y agua o de hidrocarburos y agua.","157.509,97","37.407,75","0"
"2020","A4070 - Desechos resultantes de la producción, preparación y utilización de tintas, colorantes, pigmentos, pinturas, lacas o barnices, con exclusión de los desechos especificados en la lista B (véase el apartado correspondiente de la lista B B4010).","3.608,9","1.166,64","0"
"2020","A4090 - Desechos de soluciones ácidas o básicas, distintas de las especificadas en el apartado correspondiente de la lista B (véase el apartado correspondiente de la lista B B2120).","101,4","381,1","0"
"2020","A4100 - Desechos resultantes de la utilización de dispositivos de control de la contaminación industrial para la depuración de los gases industriales, pero con exclusión de los desechos especificados en la lista B.","877","0","0"
"2020","A4120 - Desechos que contienen, consisten o están contaminados con peróxidos","87,16","311,8","0"
"2020","A4130 - Envases y contenedores de desechos que contienen sustancias incluidas en el Anexo I, en concentraciones suficientes como para mostrar las características peligrosas del Anexo III.","47.275,13","251,5","0"
"2020","A4140 - Desechos consistentes o que contienen productos químicos que no responden a las especificaciones o caducados correspondientes a las categorías del anexo I, y que muestran las características peligrosas del Anexo III.","27.388,41","47.346,26","0"
"2020","A4150 - Sustancias químicas de desecho, no identificadas o nuevas, resultantes de la investigación y el desarrollo o de las actividades de enseñanza y cuyos efectos en el ser humano o el medio ambiente no se conozcan.","25,94","72,47","0"
"2020","A4160 - Carbono activado consumido no incluido en la lista B (véase el correspondiente apartado de la lista B B2060).","288,5","0","0"
"2021","Y1.1 - Desechos clínicos ANATOMOPATOLÓGICOS resultantes de la atención en salud en Hospitales, consultorios, clínicas y otros","12.824,85","0","0"
"2021","Y1.2 - Desechos clínicos BIOSANITARIOS resultantes de la atención en salud en Hospitales, consultorios, clínicas y otros","247.809,19","0,4","0"
"2021","Y1.3 - Desechos clínicos CORTOPUNZANTES resultantes de la atención en salud en Hospitales, consultorios, clínicas y otros","15.069,19","0","0"
"2021","Y1.4 - Desechos de ANIMALES - residuos decomisos NO aprovechables","28.597,51","0","0"
"2021","Y2 - Desechos resultantes de la producción y preparación de productos farmacéuticos.","83,9","3","0"
"2021","Y3 - Desechos de medicamentos y productos farmacéuticos.","4.609,78","69,85","0"
"2021","Y4.1 - Plaguicidas, biocidas, productos fitofarmacéuticos obsoletos (ej. fuera de especificaciones, caducados o en desuso)","93","0","0"
"2021","Y4.2 - Elementos o materiales contaminados con plaguicidas, biocidas, productos fitofarmacéuticos (ej. EPP, estopas, trapos, cauchos, aserrín, arena, materiales de embalaje)","10,5","0","0"
"2021","Y4.5 - Envases, recipientes, canecas, bidones o contenedores que contienen o que están contaminados con plaguicidas, biocidas o productos fitofarmacéuticos","674","0","0"
"2021","Y5 - Desechos resultantes de la fabricación, preparación y utilización de productos químicos para la preservación de la madera.","0","34","0"
"2021","Y6 - Desechos resultantes de la producción, la preparación y la utilización de disolventes orgánicos.","1.683","7.170,6","0"
"2021","Y8.1 - Aceite lubricante usado (ej. aceite lubricante mineral, sintético, hidráulico usado)","9.796,9","394.555,83","0"
"2021","Y8.2 - Elementos o materiales contaminados con aceite lubricante usado (ej. EPP, estopas, trapos, filtros, cauchos, aserrín, plásticos, grasas minerales, tapas casing)","192.690,02","89.122,16","0"
"2021","Y8.3 - Lodos, tierra o sedimentos impregnados de aceite lubricante usado","4.137,2","71,5","0"
"2021","Y8.4 - Mezclas de aceite lubricante usado con agua","556,2","1.609,8","0"
"2021","Y8.5 - Aceites dieléctricos de desecho con una concentración menor a 50 mg/kg (50 ppm) de PCB. Si el aceite dieléctrico contiene 50 ppm o más de PCB, clasifíquelo por las corrientes Y10.2 o A3180.2","812","15.762,6","0"
"2021","Y8.6 - Envases, recipientes, canecas, bidones o contenedores que contienen o que están contaminados con aceites usados","2.138,7","0","0"
"2021","Y9.1 - Lodos y cortes de perforación base aceite, borras y lodos aceitosos","882.007,6","5.543,2","0"
"2021","Y9.2 - Elementos o materiales contaminados con hidrocarburos (ej. EPP, estopas, textiles, plásticos, caucho, sierras, geomembranas).","108.619,13","29.582","0"
"2021","Y9.3 - Sólidos o semisólidos impregnados con hidrocarburo (ej. tierra, suelo, arena)","45.458.621,6","4.346,9","0"
"2021","Y9.4 - Mezclas o emulsiones líquidas de agua con hidrocarburo, con contenido de sólidos 3%)","52.695.267,69","43.762,9","0"
"2021","Y9.5 - Envases, recipientes, canecas, bidones o contenedores que contienen o que están contaminados con hidrocarburos.","796,9","3.336,1","0"
"2021","Y9.6 - Otras mezclas y emulsiones de desechos de aceite y agua o de hidrocarburos y agua, no clasificadas previamente","16.495,9","52.675,95","0"
"2021","Y10.1 - Equipos desechados: equipos que hayan contenido o contengan aceites dieléctricos con una concentración mayor a 50 ppm de PCB o carcazas cuando la superficie sólida presente un contenido de PCB mayor o igual a 10 microgramos/dm2","27,2","0","0"
"2021","Y12 - Desechos resultantes de la producción, preparación y utilización de tintas, colorantes, pigmentos, pinturas, lacas o barnices.","186.436,46","8.973,4","0"
"2021","Y13 - Desechos resultantes de la producción, preparación y utilización de resinas, látex, plastificantes o colas y adhesivos.","19.137,01","253.196,1","0"
"2021","Y14 - Sustancias químicas de desecho, no identificadas o nuevas, resultantes de la investigación y el desarrollo o de las actividades de enseñanza y cuyos efectos en el ser humano o el medio ambiente no se conozcan.","208,3","23","0"
"2021","Y16 - Desechos resultantes de la producción, preparación y utilización de productos químicos y materiales para fines fotográficos.","82,45","1.709,51","0"
"2021","Y17 - Desechos resultantes del tratamiento de superficie de metales y plásticos.","928,6","0","0"
"2021","Y18 - Residuos resultantes de las operaciones de eliminación de desechos industriales.","66.101,94","37.385,2","3"
"2021","Y19 - Desechos que tengan como constituyentes: Metales carbonilos.","13,6","0","0"
"2021","Y21 - Desechos que tengan como constituyentes: Compuestos de cromo hexavalente.","82,6","1.623,8","0"
"2021","Y22 - Desechos que tengan como constituyentes: Compuestos de cobre.","298,8","0","0"
"2021","Y23 - Desechos que tengan como constituyentes: Compuestos de zinc.","91,8","0","0"
"2021","Y26 - Desechos que tengan como constituyentes: Cadmio, compuestos de cadmio.","716,2","0","0"
"2021","Y29 - Desechos que tengan como constituyentes: Mercurio, compuestos de mercurio.","29,3","0","0"
"2021","Y29.1 - Desechos que constan de mercurio o compuestos de mercurio (Ej. mercurio metálico, desechos de cloruro de mercurio, sulfuro de mercurio)","356,1","0","0"
"2021","Y29.2 - Desechos que contienen mercurio o compuestos de mercurio (ej. Lámparas fluorescentes compactas o lineales, lámparas de vapor de mercurio, amalgama dental, termómetros de mercurio, manómetros no electrónicos).","3.978,9","0","0,4"
"2021","Y29.3 - Desechos contaminados con mercurio o compuestos de mercurio (Ej. tierra, relaves, materiales o elementos contaminados con mercurio, trapos, estopas).","67,8","0","0"
"2021","Y31 - Desechos que tengan como constituyentes: Plomo, compuestos de plomo.","120.976,73","57,6","0"
"2021","Y33 - Desechos que tengan como constituyentes: Cianuros inorgánicos.","330,6","0","0"
"2021","Y34 - Desechos que tengan como constituyentes: Soluciones ácidas o ácidos en forma sólida.","2.198,57","755,9","0"
"2021","Y35 - Desechos que tengan como constituyentes: Soluciones básicas o bases en forma sólida.","544,2","1.010,3","0"
"2021","Y36 - Desechos que tengan como constituyente Asbesto (polvo y fibras).","61.393,79","0","0"
"2021","Y37 - Desechos que tengan como constituyentes: Compuestos orgánicos de fósforo.","0","441,6","0"
"2021","Y39 - Desechos que tengan como constituyentes: Fenoles, compuestos fenólicos, con inclusión de clorofenoles.","260,6","0","0"
"2021","Y41.2 - Otros desechos que tengan como constituyentes: solventes orgánicos halogenados","0","97,5","0"
"2021","Y42 - Desechos que tengan como constituyentes: Disolventes orgánicos, con exclusión de disolventes halogenados.","2.081,3","0","0"
"2021","Y45.1 - Residuos o desechos de sustancias o contaminados con clorofluorocarbonos (CFC) utilizados como: refrigerantes, agentes espumantes, propelentes o agentes de extinción de incendios. Reporte aquí únicamente el peso de la sustancia y reporte los envases o cilindros vacíos por la corriente Y45.6","83,6","0","0"
"2021","Y45.6 - Envases o cilindros vacíos de refrigerantes, agentes espumantes, propelentes, solventes o agentes de extinción de incendios que hayan contenido sustancias CFC, HCFC, HFC y halones","28","0","0"
"2021","A1010 - Desechos metálicos y desechos que contengan aleaciones de cualquiera de las sustancias siguientes: Antimonio, Arsénico, Berilio, Cadmio, Plomo, Mercurio, Selenio, Telurio, Talio, pero excluidos los desechos que figuran específicamente en la lista B.","3.591","0","0"
"2021","A1020 - Desechos que tengan como constituyentes o contaminantes, excluidos los desechos de metal en forma masiva, cualquiera de las sustancias siguientes: - Antimonio","361,1","0","0"
"2021","A1030 - Desechos que tengan como constituyentes o contaminantes cualquiera de las sustancias siguientes: - Arsénico","216,1","0","0"
"2021","A1050 - Lodos galvánicos.","607","0","0"
"2021","A1080 - Residuos de desechos de zinc no incluidos en la lista B, que contengan plomo y cadmio en concentraciones tales que presenten características del Anexo III.","46","0","0"
"2021","A1120 - Lodos residuales, excluidos los fangos anódicos, de los sistemas de depuración electrolítica de las operaciones de refinación y extracción electrolítica del cobre.","103.702","8,7","0"
"2021","A1160 - Acumuladores de plomo de desecho, enteros o triturados.","57.979","366.936","0"
"2021","A1170 - Acumuladores de desecho sin seleccionar excluidas mezclas de acumuladores sólo de la lista B. Los acumuladores de desecho no incluidos en la lista B que contengan constituyentes del Anexo I en tal grado que los conviertan en peligrosos.","8,9","0","0"
"2021","A1180 - Montajes eléctricos y electrónicos de desecho o restos de éstos que contengan componentes como acumuladores y otras baterías incluidos en la lista A, interruptores de mercurio, vidrios de tubos de rayos catódicos y otros vidrios activados y capacitadores de PCB, o contaminados con constituyentes del Anexo I (por ejemplo, cadmio, mercurio, plomo, bifenilo policlorado) en tal grado que posean alguna de las características del Anexo III (véase la entrada correspondiente en la lista B B1110) .","8.002,41","0","0"
"2021","A2010 - Desechos de vidrio de tubos de rayos catódicos y otros vidrios activados.","167,3","0","0"
"2021","A2040 - Yeso de desecho procedente de procesos de la industria química, si contiene constituyentes del Anexo I en tal grado que presenten una característica peligrosa del Anexo III (véase la entrada correspondiente en la lista B B2080).","21,1","0","0"
"2021","A3010 - Desechos resultantes de la producción o el tratamiento de coque de petróleo y asfalto.","12.760,9","0","0"
"2021","A3020.1 - Aceite lubricante usado (ej. aceite lubricante mineral, sintético, hidráulico usado)","84.750,48","103.315,67","0"
"2021","A3020.2 - Elementos o materiales contaminados con aceite lubricante usado (ej. EPP, estopas, trapos, filtros, cauchos, aserrín, plásticos, grasas minerales, tapas casing)","18.079,62","3.200,98","0"
"2021","A3020.3 - Lodos, tierra o sedimentos impregnados de aceite lubricante usado","374,4","0","0"
"2021","A3020.4 - Mezclas de aceite lubricante usado con agua","840,3","2.939","0"
"2021","A3020.5 - Aceites dieléctricos de desecho con una concentración menor a 50 mg/kg (50 ppm) de PCB. Si el aceite dieléctrico contiene 50 ppm o más de PCB, clasifíquelo por las corrientes Y10.2 o A3180.2","18,2","0","0"
"2021","A3020.6 - Envases, recipientes, canecas, bidones o contenedores que contienen o que están contaminados con aceites usados","665,15","1.050","0"
"2021","A3050 - Desechos resultantes de la producción, preparación y utilización de resinas, látex, plastificantes o colas/adhesivos excepto los desechos especificados en la lista B (véase el apartado correspondiente en la lista B B4020).","143,85","0","0"
"2021","A3090 - Desechos de cuero en forma de polvo, cenizas, lodos y harinas que contengan compuestos de plomo hexavalente o biocidas (véase el apartado correspondiente en la lista B B3100).","3.090","0","0"
"2021","A3120 - Pelusas - fragmentos ligeros resultantes del desmenuzamiento.","253","0","0"
"2021","A3140 - Desechos de disolventes orgánicos no halogenados pero con exclusión de los desechos especificados en la lista B.","550,2","3.815,1","0"
"2021","A3170 - Desechos resultantes de la producción de hidrocarburos halogenados alifáticos (tales como clorometano, dicloroetano, cloruro de vinilo, cloruro de alilo y epicloridrina).","32,7","0","0"
"2021","A3190 - Desechos de residuos alquitranados (con exclusión de los cementos asfálticos) resultantes de la refinación, destilación o cualquier otro tratamiento pirolítico de materiales orgánicos.","0","0","0"
"2021","A3200 - Material bituminoso (desechos de asfalto) con contenido de alquitrán resultantes de la construcción y el mantenimiento de carreteras (obsérvese el artículo correspondiente B2130 de la lista B).","25","0","0"
"2021","A4010 - Desechos resultantes de la producción, preparación y utilización de productos farmacéuticos, pero con exclusión de los desechos especificados en la lista B.","3.435,85","0","0"
"2021","A4020.1 - Desechos clínicos y afines ANATOMOPATOLÓGICOS","2.050","0","0"
"2021","A4020.2 - Desechos clínicos y afines BIOSANITARIOS","7.797,8","0","0"
"2021","A4020.3 - Desechos clínicos y afines CORTOPUNZANTES","7.685,3","0","0"
"2021","A4020.4 - Desechos clínicos y afines DE ANIMALES","554,9","0","0"
"2021","A4030.1 - Plaguicidas, biocidas, productos fitofarmacéuticos obsoletos (ej. fuera de especificaciones, caducados o en desuso)","16,5","13,1","0"
"2021","A4030.2 - Elementos o materiales contaminados con plaguicidas, biocidas, productos fitofarmacéuticos (ej. EPP, estopas, trapos, cauchos, aserrín, arena, materiales de embalaje)","211,6","30","0"
"2021","A4030.4 - Residuos de bolsas plásticas impregnadas de plaguicidas o biocidas (ej. residuos de bolsas utilizadas en cultivos de plátano y banano)","1","0","0"
"2021","A4030.5 - Envases, recipientes, canecas, bidones o contenedores que contienen o que están contaminados con plaguicidas, biocidas o productos fitofarmacéuticos","37,3","0,2","0"
"2021","A4040 - Desechos resultantes de la fabricación, preparación y utilización de productos químicos para la preservación de la madera .","3.421,2","3.160","0"
"2021","A4060.1 - Lodos y cortes de perforación base aceite, borras y lodos aceitosos","7.453,61","2.810,1","0"
"2021","A4060.2 - Elementos o materiales contaminados con hidrocarburos (ej. EPP, estopas, textiles, plásticos, caucho, sierras, geomembranas).","187.516,75","8","0"
"2021","A4060.3 - Sólidos o semisólidos impregnados con hidrocarburo (ej. tierra, suelo, arena)","19.107,89","0","0"
"2021","A4060.4 - Mezclas o emulsiones líquidas de agua con hidrocarburo con contenido de sólidos 3%)","18.572","48.738,23","0"
"2021","A4060.5 - Envases, recipientes, canecas, bidones o contenedores que contienen o que están contaminados con hidrocarburos","1.427,18","0","0"
"2021","A4060.6 - Otras mezclas y emulsiones de desechos de aceite y agua o de hidrocarburos y agua, no clasificadas previamente","5.254,1","582,5","0"
"2021","A4070 - Desechos resultantes de la producción, preparación y utilización de tintas, colorantes, pigmentos, pinturas, lacas o barnices, con exclusión de los desechos especificados en la lista B (véase el apartado correspondiente de la lista B B4010).","3.075,11","327,97","0"
"2021","A4090 - Desechos de soluciones ácidas o básicas, distintas de las especificadas en el apartado correspondiente de la lista B (véase el apartado correspondiente de la lista B B2120).","3.510,3","707,7","0"
"2021","A4100 - Desechos resultantes de la utilización de dispositivos de control de la contaminación industrial para la depuración de los gases industriales, pero con exclusión de los desechos especificados en la lista B.","1.790,3","0","0"
"2021","A4120 - Desechos que contienen, consisten o están contaminados con peróxidos","137,7","12","0"
"2021","A4130.1 - Otros envases, recipientes, canecas, bidones o contenedores que contienen o que están contaminados con productos o sustancias químicas peligrosas, DIFERENTES a plaguicidas, biocidas, productos fitofarmacéuticos (Y4.5/A4030.5), hidrocarburos (Y9.5/A4060.5), aceites usados (Y8.6/A3020.6), PCB (Y10.4/A3180.4), sustancias CFC, HCFC, HFC y halones (Y45.6).","44.803,06","1.894,28","0"
"2021","A4140 - Desechos consistentes o que contienen productos químicos que no responden a las especificaciones o caducados correspondientes a las categorías del anexo I, y que muestran las características peligrosas del Anexo III.","503.255,54","15.616,9","18,4"
"2021","A4150 - Sustancias químicas de desecho, no identificadas o nuevas, resultantes de la investigación y el desarrollo o de las actividades de enseñanza y cuyos efectos en el ser humano o el medio ambiente no se conozcan.","1.138,2","1.249,35","0"
"2021","A4160 - Carbono activado consumido no incluido en la lista B (véase el correspondiente apartado de la lista B B2060).","257","0","0"
"2022","Y1.1 - Desechos clínicos ANATOMOPATOLÓGICOS resultantes de la atención en salud en Hospitales, consultorios, clínicas y otros","8.169,6","2.210","0"
"2022","Y1.2 - Desechos clínicos BIOSANITARIOS resultantes de la atención en salud en Hospitales, consultorios, clínicas y otros","183.386,91","2,8","0"
"2022","Y1.3 - Desechos clínicos CORTOPUNZANTES resultantes de la atención en salud en Hospitales, consultorios, clínicas y otros","6.955,54","0","0"
"2022","Y1.4 - Desechos de ANIMALES - residuos decomisos NO aprovechables","18.559,7","0","0"
"2022","Y2 - Desechos resultantes de la producción y preparación de productos farmacéuticos.","193,3","0","0"
"2022","Y3 - Desechos de medicamentos y productos farmacéuticos.","4.320,01","150,07","0"
"2022","Y4.1 - Plaguicidas, biocidas, productos fitofarmacéuticos obsoletos (ej. fuera de especificaciones, caducados o en desuso)","4,2","17,8","0"
"2022","Y4.2 - Elementos o materiales contaminados con plaguicidas, biocidas, productos fitofarmacéuticos (ej. EPP, estopas, trapos, cauchos, aserrín, arena, materiales de embalaje)","252,1","0","0"
"2022","Y4.3 - Tierra o sedimentos impregnados con plaguicidas, biocidas o productos fitofarmacéuticos","12","0","0"
"2022","Y4.5 - Envases, recipientes, canecas, bidones o contenedores que contienen o que están contaminados con plaguicidas, biocidas o productos fitofarmacéuticos","1.673,5","0","0"
"2022","Y5 - Desechos resultantes de la fabricación, preparación y utilización de productos químicos para la preservación de la madera.","4","20,8","0"
"2022","Y6 - Desechos resultantes de la producción, la preparación y la utilización de disolventes orgánicos.","551,38","18.607,3","0"
"2022","Y8.1 - Aceite lubricante usado (ej. aceite lubricante mineral, sintético, hidráulico usado)","61.843,61","377.125,51","0"
"2022","Y8.2 - Elementos o materiales contaminados con aceite lubricante usado (ej. EPP, estopas, trapos, filtros, cauchos, aserrín, plásticos, grasas minerales, tapas casing)","316.853,1","2.101","0"
"2022","Y8.3 - Lodos, tierra o sedimentos impregnados de aceite lubricante usado","2.038,6","1.325,5","0"
"2022","Y8.4 - Mezclas de aceite lubricante usado con agua","2.154","309,4","0"
"2022","Y8.5 - Aceites dieléctricos de desecho con una concentración menor a 50 mg/kg (50 ppm) de PCB. Si el aceite dieléctrico contiene 50 ppm o más de PCB, clasifíquelo por las corrientes Y10.2 o A3180.2","0","2.406,82","0"
"2022","Y8.6 - Envases, recipientes, canecas, bidones o contenedores que contienen o que están contaminados con aceites usados","2.479","14","0"
"2022","Y9.1 - Lodos y cortes de perforación base aceite, borras y lodos aceitosos","35.407.643,12","13.081,51","0"
"2022","Y9.2 - Elementos o materiales contaminados con hidrocarburos (ej. EPP, estopas, textiles, plásticos, caucho, sierras, geomembranas).","95.294,32","72","0"
"2022","Y9.3 - Sólidos o semisólidos impregnados con hidrocarburo (ej. tierra, suelo, arena)","17.408,63","4.866,2","0"
"2022","Y9.4 - Mezclas o emulsiones líquidas de agua con hidrocarburo, con contenido de sólidos 3%)","10.058","90.132,62","0"
"2022","Y9.5 - Envases, recipientes, canecas, bidones o contenedores que contienen o que están contaminados con hidrocarburos.","1.626","641,4","0"
"2022","Y9.6 - Otras mezclas y emulsiones de desechos de aceite y agua o de hidrocarburos y agua, no clasificadas previamente","45.074,01","36.545,85","0"
"2022","Y10.4 - Envases, recipientes, canecas, bidones o contenedores que contienen o que están contaminados con PCB","1.732","0","0"
"2022","Y12 - Desechos resultantes de la producción, preparación y utilización de tintas, colorantes, pigmentos, pinturas, lacas o barnices.","184.919,42","20.221,95","0"
"2022","Y13 - Desechos resultantes de la producción, preparación y utilización de resinas, látex, plastificantes o colas y adhesivos.","12.867,9","229.414,27","0"
"2022","Y14 - Sustancias químicas de desecho, no identificadas o nuevas, resultantes de la investigación y el desarrollo o de las actividades de enseñanza y cuyos efectos en el ser humano o el medio ambiente no se conozcan.","2.733","275,96","0"
"2022","Y16 - Desechos resultantes de la producción, preparación y utilización de productos químicos y materiales para fines fotográficos.","12,2","2.553,86","0"
"2022","Y17 - Desechos resultantes del tratamiento de superficie de metales y plásticos.","1.053,8","0","0"
"2022","Y18 - Residuos resultantes de las operaciones de eliminación de desechos industriales.","105.452,63","9.274,35","0"
"2022","Y19 - Desechos que tengan como constituyentes: Metales carbonilos.","119","0","0"
"2022","Y21 - Desechos que tengan como constituyentes: Compuestos de cromo hexavalente.","0","463,6","0"
"2022","Y22 - Desechos que tengan como constituyentes: Compuestos de cobre.","517","5,2","0"
"2022","Y23 - Desechos que tengan como constituyentes: Compuestos de zinc.","196,5","0","0"
"2022","Y26 - Desechos que tengan como constituyentes: Cadmio, compuestos de cadmio.","66,3","0","0"
"2022","Y29.1 - Desechos que constan de mercurio o compuestos de mercurio (Ej. mercurio metálico, desechos de cloruro de mercurio, sulfuro de mercurio)","623,2","0","0"
"2022","Y29.2 - Desechos que contienen mercurio o compuestos de mercurio (ej. Lámparas fluorescentes compactas o lineales, lámparas de vapor de mercurio, amalgama dental, termómetros de mercurio, manómetros no electrónicos).","3.886,16","0","0"
"2022","Y31 - Desechos que tengan como constituyentes: Plomo, compuestos de plomo.","175.469,62","0","0"
"2022","Y32 - Desechos que tengan como constituyentes compuestos inorgánicos de flúor, con exclusión del fluoruro cálcico","41,4","0","0"
"2022","Y33 - Desechos que tengan como constituyentes: Cianuros inorgánicos.","53.402","0","0"
"2022","Y34 - Desechos que tengan como constituyentes: Soluciones ácidas o ácidos en forma sólida.","3.298,69","5.450","0"
"2022","Y35 - Desechos que tengan como constituyentes: Soluciones básicas o bases en forma sólida.","2.291,4","1.275,8","0"
"2022","Y36 - Desechos que tengan como constituyente Asbesto (polvo y fibras).","4.300,9","11.586,6","0"
"2022","Y38 - Desechos que tengan como constituyentes: Cianuros orgánicos.","812,5","0","0"
"2022","Y41.1 - Desechos que tengan como constituyentes: solventes orgánicos halogenados de sustancias clorofluorocarbonadas (CFC), hidroclorofluorocarbonadas (HCFC), hidrofluorocarbonadas (HFC), Tetracloruro de Carbono (TCC), Metilcloroformo (1,1,1-Tricloroetano) y mezclas de estas sustancias. Reporte aquí únicamente el peso del solvente; los envases o cilindros vacíos repórtelos por la corriente Y45.6","0","60,4","0"
"2022","Y41.2 - Otros desechos que tengan como constituyentes: solventes orgánicos halogenados","13,8","97,2","0"
"2022","Y45.6 - Envases o cilindros vacíos de refrigerantes, agentes espumantes, propelentes, solventes o agentes de extinción de incendios que hayan contenido sustancias CFC, HCFC, HFC y halones","33","0","0"
"2022","A1010 - Desechos metálicos y desechos que contengan aleaciones de cualquiera de las sustancias siguientes: Antimonio, Arsénico, Berilio, Cadmio, Plomo, Mercurio, Selenio, Telurio, Talio, pero excluidos los desechos que figuran específicamente en la lista B.","3.580,18","138","0"
"2022","A1030 - Desechos que tengan como constituyentes o contaminantes cualquiera de las sustancias siguientes: - Arsénico","361,4","10,5","0"
"2022","A1120 - Lodos residuales, excluidos los fangos anódicos, de los sistemas de depuración electrolítica de las operaciones de refinación y extracción electrolítica del cobre.","182.246","0","0"
"2022","A1160 - Acumuladores de plomo de desecho, enteros o triturados.","22.619,1","385.213,4","0"
"2022","A1170 - Acumuladores de desecho sin seleccionar excluidas mezclas de acumuladores sólo de la lista B. Los acumuladores de desecho no incluidos en la lista B que contengan constituyentes del Anexo I en tal grado que los conviertan en peligrosos.","164,1","0","0"
"2022","A1180 - Montajes eléctricos y electrónicos de desecho o restos de éstos que contengan componentes como acumuladores y otras baterías incluidos en la lista A, interruptores de mercurio, vidrios de tubos de rayos catódicos y otros vidrios activados y capacitadores de PCB, o contaminados con constituyentes del Anexo I (por ejemplo, cadmio, mercurio, plomo, bifenilo policlorado) en tal grado que posean alguna de las características del Anexo III (véase la entrada correspondiente en la lista B B1110) .","17.320,83","0","0"
"2022","A2010 - Desechos de vidrio de tubos de rayos catódicos y otros vidrios activados.","102,04","0","0"
"2022","A2040 - Yeso de desecho procedente de procesos de la industria química, si contiene constituyentes del Anexo I en tal grado que presenten una característica peligrosa del Anexo III (véase la entrada correspondiente en la lista B B2080).","31,5","0","0"
"2022","A3010 - Desechos resultantes de la producción o el tratamiento de coque de petróleo y asfalto.","22.247,6","0","0"
"2022","A3020.1 - Aceite lubricante usado (ej. aceite lubricante mineral, sintético, hidráulico usado)","20.769","104.376,73","0"
"2022","A3020.2 - Elementos o materiales contaminados con aceite lubricante usado (ej. EPP, estopas, trapos, filtros, cauchos, aserrín, plásticos, grasas minerales, tapas casing)","24.624,4","2.502,2","0"
"2022","A3020.3 - Lodos, tierra o sedimentos impregnados de aceite lubricante usado","144","0","0"
"2022","A3020.4 - Mezclas de aceite lubricante usado con agua","96,3","4.092,7","0"
"2022","A3020.6 - Envases, recipientes, canecas, bidones o contenedores que contienen o que están contaminados con aceites usados","3.268,1","0","0"
"2022","A3040 - Desechos de líquidos térmicos (transferencia de calor).","2.185","16","0"
"2022","A3050 - Desechos resultantes de la producción, preparación y utilización de resinas, látex, plastificantes o colas/adhesivos excepto los desechos especificados en la lista B (véase el apartado correspondiente en la lista B B4020).","36,17","0","0"
"2022","A3120 - Pelusas - fragmentos ligeros resultantes del desmenuzamiento.","280,8","0","0"
"2022","A3140 - Desechos de disolventes orgánicos no halogenados pero con exclusión de los desechos especificados en la lista B.","2.676,4","5.448,2","0"
"2022","A3170 - Desechos resultantes de la producción de hidrocarburos halogenados alifáticos (tales como clorometano, dicloroetano, cloruro de vinilo, cloruro de alilo y epicloridrina).","4","0","0"
"2022","A3190 - Desechos de residuos alquitranados (con exclusión de los cementos asfálticos) resultantes de la refinación, destilación o cualquier otro tratamiento pirolítico de materiales orgánicos.","3.455","0","0"
"2022","A3200 - Material bituminoso (desechos de asfalto) con contenido de alquitrán resultantes de la construcción y el mantenimiento de carreteras (obsérvese el artículo correspondiente B2130 de la lista B).","81","0","0"
"2022","A4010 - Desechos resultantes de la producción, preparación y utilización de productos farmacéuticos, pero con exclusión de los desechos especificados en la lista B.","70","0","0"
"2022","A4020.1 - Desechos clínicos y afines ANATOMOPATOLÓGICOS","2.042,6","0","0"
"2022","A4020.2 - Desechos clínicos y afines BIOSANITARIOS","7.814,15","0","0"
"2022","A4020.3 - Desechos clínicos y afines CORTOPUNZANTES","6.132,9","0","0"
"2022","A4020.4 - Desechos clínicos y afines DE ANIMALES","1.170,3","0","0"
"2022","A4030.1 - Plaguicidas, biocidas, productos fitofarmacéuticos obsoletos (ej. fuera de especificaciones, caducados o en desuso)","7,6","0","0"
"2022","A4030.2 - Elementos o materiales contaminados con plaguicidas, biocidas, productos fitofarmacéuticos (ej. EPP, estopas, trapos, cauchos, aserrín, arena, materiales de embalaje)","308,9","0","0"
"2022","A4030.5 - Envases, recipientes, canecas, bidones o contenedores que contienen o que están contaminados con plaguicidas, biocidas o productos fitofarmacéuticos","56,5","0","0"
"2022","A4040 - Desechos resultantes de la fabricación, preparación y utilización de productos químicos para la preservación de la madera .","845,3","0","0"
"2022","A4050 - Desechos que contienen, consisten o están contaminados con algunos de los productos siguientes: - Cianuros inorgánicos, con excepción de residuos que contienen metales preciosos, en forma sólida, con trazas de cianuros inorgánicos","0","635,2","0"
"2022","A4060.1 - Lodos y cortes de perforación base aceite, borras y lodos aceitosos","7.735,59","90","0"
"2022","A4060.2 - Elementos o materiales contaminados con hidrocarburos (ej. EPP, estopas, textiles, plásticos, caucho, sierras, geomembranas).","226.466,6","0","0"
"2022","A4060.3 - Sólidos o semisólidos impregnados con hidrocarburo (ej. tierra, suelo, arena)","58.175.465,35","0","0"
"2022","A4060.4 - Mezclas o emulsiones líquidas de agua con hidrocarburo con contenido de sólidos 3%)","550","77.962,38","0"
"2022","A4060.5 - Envases, recipientes, canecas, bidones o contenedores que contienen o que están contaminados con hidrocarburos","256,1","59,5","0"
"2022","A4060.6 - Otras mezclas y emulsiones de desechos de aceite y agua o de hidrocarburos y agua, no clasificadas previamente","7.285","150.095,7","0"
"2022","A4070 - Desechos resultantes de la producción, preparación y utilización de tintas, colorantes, pigmentos, pinturas, lacas o barnices, con exclusión de los desechos especificados en la lista B (véase el apartado correspondiente de la lista B B4010).","21.612,89","34","0"
"2022","A4090 - Desechos de soluciones ácidas o básicas, distintas de las especificadas en el apartado correspondiente de la lista B (véase el apartado correspondiente de la lista B B2120).","3.751,5","847,2","0"
"2022","A4100 - Desechos resultantes de la utilización de dispositivos de control de la contaminación industrial para la depuración de los gases industriales, pero con exclusión de los desechos especificados en la lista B.","641,3","0","0"
"2022","A4120 - Desechos que contienen, consisten o están contaminados con peróxidos","156,4","1.600","0"
"2022","A4130.1 - Otros envases, recipientes, canecas, bidones o contenedores que contienen o que están contaminados con productos o sustancias químicas peligrosas, DIFERENTES a plaguicidas, biocidas, productos fitofarmacéuticos (Y4.5/A4030.5), hidrocarburos (Y9.5/A4060.5), aceites usados (Y8.6/A3020.6), PCB (Y10.4/A3180.4), sustancias CFC, HCFC, HFC y halones (Y45.6).","47.745,83","292,2","517"
"2022","A4140 - Desechos consistentes o que contienen productos químicos que no responden a las especificaciones o caducados correspondientes a las categorías del anexo I, y que muestran las características peligrosas del Anexo III.","387.055,7","18.809,06","0"
"2022","A4150 - Sustancias químicas de desecho, no identificadas o nuevas, resultantes de la investigación y el desarrollo o de las actividades de enseñanza y cuyos efectos en el ser humano o el medio ambiente no se conozcan.","173,2","340,4","0"
"2022","A4160 - Carbono activado consumido no incluido en la lista B (véase el correspondiente apartado de la lista B B2060).","410","0","0"
"2023","Y1.1 - Desechos clínicos ANATOMOPATOLÓGICOS resultantes de la atención en salud en Hospitales, consultorios, clínicas y otros","9.239,99","212,4","0"
"2023","Y1.2 - Desechos clínicos BIOSANITARIOS resultantes de la atención en salud en Hospitales, consultorios, clínicas y otros","101.439,54","0,55","0"
"2023","Y1.3 - Desechos clínicos CORTOPUNZANTES resultantes de la atención en salud en Hospitales, consultorios, clínicas y otros","2.546,14","0","0"
"2023","Y1.4 - Desechos de ANIMALES - residuos decomisos NO aprovechables","10.828,2","0","0"
"2023","Y2 - Desechos resultantes de la producción y preparación de productos farmacéuticos.","166,1","0","0"
"2023","Y3 - Desechos de medicamentos y productos farmacéuticos.","1.943,68","132,36","0"
"2023","Y4.1 - Plaguicidas, biocidas, productos fitofarmacéuticos obsoletos (ej. fuera de especificaciones, caducados o en desuso)","0","60,1","0"
"2023","Y4.2 - Elementos o materiales contaminados con plaguicidas, biocidas, productos fitofarmacéuticos (ej. EPP, estopas, trapos, cauchos, aserrín, arena, materiales de embalaje)","277,91","0","0"
"2023","Y4.5 - Envases, recipientes, canecas, bidones o contenedores que contienen o que están contaminados con plaguicidas, biocidas o productos fitofarmacéuticos","1.306","1","0"
"2023","Y5 - Desechos resultantes de la fabricación, preparación y utilización de productos químicos para la preservación de la madera.","0","52,7","0"
"2023","Y6 - Desechos resultantes de la producción, la preparación y la utilización de disolventes orgánicos.","7.367,8","9.393,8","0"
"2023","Y8.1 - Aceite lubricante usado (ej. aceite lubricante mineral, sintético, hidráulico usado)","22.076,1","483.283,47","0"
"2023","Y8.2 - Elementos o materiales contaminados con aceite lubricante usado (ej. EPP, estopas, trapos, filtros, cauchos, aserrín, plásticos, grasas minerales, tapas casing)","159.814,9","8.713,47","0"
"2023","Y8.3 - Lodos, tierra o sedimentos impregnados de aceite lubricante usado","4.291,8","4.405,6","0"
"2023","Y8.4 - Mezclas de aceite lubricante usado con agua","195","95,6","0"
"2023","Y8.5 - Aceites dieléctricos de desecho con una concentración menor a 50 mg/kg (50 ppm) de PCB. Si el aceite dieléctrico contiene 50 ppm o más de PCB, clasifíquelo por las corrientes Y10.2 o A3180.2","106","1.959,36","0"
"2023","Y8.6 - Envases, recipientes, canecas, bidones o contenedores que contienen o que están contaminados con aceites usados","1.654,6","0","0"
"2023","Y9.1 - Lodos y cortes de perforación base aceite, borras y lodos aceitosos","15.018.976,5","18.608,4","0"
"2023","Y9.2 - Elementos o materiales contaminados con hidrocarburos (ej. EPP, estopas, textiles, plásticos, caucho, sierras, geomembranas).","95.424,66","1.328,13","0"
"2023","Y9.3 - Sólidos o semisólidos impregnados con hidrocarburo (ej. tierra, suelo, arena)","15.025,9","0","0"
"2023","Y9.4 - Mezclas o emulsiones líquidas de agua con hidrocarburo, con contenido de sólidos 3%)","30.476,8","94.089,34","0"
"2023","Y9.5 - Envases, recipientes, canecas, bidones o contenedores que contienen o que están contaminados con hidrocarburos.","7.304,2","0","0"
"2023","Y9.6 - Otras mezclas y emulsiones de desechos de aceite y agua o de hidrocarburos y agua, no clasificadas previamente","41.493,45","329.560,51","0"
"2023","Y12 - Desechos resultantes de la producción, preparación y utilización de tintas, colorantes, pigmentos, pinturas, lacas o barnices.","120.886,61","62.070,8","0"
"2023","Y13 - Desechos resultantes de la producción, preparación y utilización de resinas, látex, plastificantes o colas y adhesivos.","151.143,7","1.064,5","0"
"2023","Y14 - Sustancias químicas de desecho, no identificadas o nuevas, resultantes de la investigación y el desarrollo o de las actividades de enseñanza y cuyos efectos en el ser humano o el medio ambiente no se conozcan.","615,16","2.025,65","0"
"2023","Y16 - Desechos resultantes de la producción, preparación y utilización de productos químicos y materiales para fines fotográficos.","8,8","12.430,85","0"
"2023","Y17 - Desechos resultantes del tratamiento de superficie de metales y plásticos.","0","17,2","0"
"2023","Y18 - Residuos resultantes de las operaciones de eliminación de desechos industriales.","177.286,13","11.355,5","0"
"2023","Y19 - Desechos que tengan como constituyentes: Metales carbonilos.","13,6","0","0"
"2023","Y21 - Desechos que tengan como constituyentes: Compuestos de cromo hexavalente.","35.336","32,8","0"
"2023","Y22 - Desechos que tengan como constituyentes: Compuestos de cobre.","17","0","0"
"2023","Y23 - Desechos que tengan como constituyentes: Compuestos de zinc.","23.001,8","0","0"
"2023","Y26 - Desechos que tengan como constituyentes: Cadmio, compuestos de cadmio.","264,5","0","0"
"2023","Y29.1 - Desechos que constan de mercurio o compuestos de mercurio (Ej. mercurio metálico, desechos de cloruro de mercurio, sulfuro de mercurio)","320,71","0","0"
"2023","Y29.2 - Desechos que contienen mercurio o compuestos de mercurio (ej. Lámparas fluorescentes compactas o lineales, lámparas de vapor de mercurio, amalgama dental, termómetros de mercurio, manómetros no electrónicos).","2.704,38","2,8","0"
"2023","Y29.3 - Desechos contaminados con mercurio o compuestos de mercurio (Ej. tierra, relaves, materiales o elementos contaminados con mercurio, trapos, estopas).","10,6","0","0"
"2023","Y31 - Desechos que tengan como constituyentes: Plomo, compuestos de plomo.","214.083,34","0","0"
"2023","Y33 - Desechos que tengan como constituyentes: Cianuros inorgánicos.","57.745","0","0"
"2023","Y34 - Desechos que tengan como constituyentes: Soluciones ácidas o ácidos en forma sólida.","4.697,16","4.482,6","0"
"2023","Y35 - Desechos que tengan como constituyentes: Soluciones básicas o bases en forma sólida.","17.774,87","1.278,6","0"
"2023","Y36 - Desechos que tengan como constituyente Asbesto (polvo y fibras).","6.717","2.370,6","0"
"2023","Y38 - Desechos que tengan como constituyentes: Cianuros orgánicos.","2.751,48","0","0"
"2023","Y41.1 - Desechos que tengan como constituyentes: solventes orgánicos halogenados de sustancias clorofluorocarbonadas (CFC), hidroclorofluorocarbonadas (HCFC), hidrofluorocarbonadas (HFC), Tetracloruro de Carbono (TCC), Metilcloroformo (1,1,1-Tricloroetano) y mezclas de estas sustancias. Reporte aquí únicamente el peso del solvente; los envases o cilindros vacíos repórtelos por la corriente Y45.6","0","5.028,5","0"
"2023","Y41.2 - Otros desechos que tengan como constituyentes: solventes orgánicos halogenados","58,2","136","0"
"2023","Y42 - Desechos que tengan como constituyentes: Disolventes orgánicos, con exclusión de disolventes halogenados.","0","2.150,2","0"
"2023","Y45.1 - Residuos o desechos de sustancias o contaminados con clorofluorocarbonos (CFC) utilizados como: refrigerantes, agentes espumantes, propelentes o agentes de extinción de incendios. Reporte aquí únicamente el peso de la sustancia y reporte los envases o cilindros vacíos por la corriente Y45.6","72,4","0","0"
"2023","Y45.4 - Residuos o desechos de sustancias o contaminados con halones utilizados como: refrigerantes, agentes espumantes, propelentes o agentes de extinción de incendios. Reporte aquí únicamente el peso de la sustancia y reporte los envases o cilindros vacíos por la corriente Y45.6","1,2","0","0"
"2023","Y45.6 - Envases o cilindros vacíos de refrigerantes, agentes espumantes, propelentes, solventes o agentes de extinción de incendios que hayan contenido sustancias CFC, HCFC, HFC y halones","173,31","0","0"
"2023","A1010 - Desechos metálicos y desechos que contengan aleaciones de cualquiera de las sustancias siguientes: Antimonio, Arsénico, Berilio, Cadmio, Plomo, Mercurio, Selenio, Telurio, Talio, pero excluidos los desechos que figuran específicamente en la lista B.","895,2","11","0"
"2023","A1030 - Desechos que tengan como constituyentes o contaminantes cualquiera de las sustancias siguientes: - Arsénico","19","0","0"
"2023","A1120 - Lodos residuales, excluidos los fangos anódicos, de los sistemas de depuración electrolítica de las operaciones de refinación y extracción electrolítica del cobre.","22","0","0"
"2023","A1150 - Cenizas de metales preciosos procedentes de la incineración de circuitos impresos no incluidos en la lista B.","407","0","0"
"2023","A1160 - Acumuladores de plomo de desecho, enteros o triturados.","18.629,65","294.940","0"
"2023","A1170 - Acumuladores de desecho sin seleccionar excluidas mezclas de acumuladores sólo de la lista B. Los acumuladores de desecho no incluidos en la lista B que contengan constituyentes del Anexo I en tal grado que los conviertan en peligrosos.","100,6","0","0"
"2023","A1180 - Montajes eléctricos y electrónicos de desecho o restos de éstos que contengan componentes como acumuladores y otras baterías incluidos en la lista A, interruptores de mercurio, vidrios de tubos de rayos catódicos y otros vidrios activados y capacitadores de PCB, o contaminados con constituyentes del Anexo I (por ejemplo, cadmio, mercurio, plomo, bifenilo policlorado) en tal grado que posean alguna de las características del Anexo III (véase la entrada correspondiente en la lista B B1110) .","11.004,35","12,8","0"
"2023","A2010 - Desechos de vidrio de tubos de rayos catódicos y otros vidrios activados.","10,1","0","0"
"2023","A2040 - Yeso de desecho procedente de procesos de la industria química, si contiene constituyentes del Anexo I en tal grado que presenten una característica peligrosa del Anexo III (véase la entrada correspondiente en la lista B B2080).","300","0","0"
"2023","A2050 - Desechos de amianto (polvo y fibras).","383","0","0"
"2023","A3010 - Desechos resultantes de la producción o el tratamiento de coque de petróleo y asfalto.","1.618","0","0"
"2023","A3020.1 - Aceite lubricante usado (ej. aceite lubricante mineral, sintético, hidráulico usado)","1.552,95","37.867,68","0"
"2023","A3020.2 - Elementos o materiales contaminados con aceite lubricante usado (ej. EPP, estopas, trapos, filtros, cauchos, aserrín, plásticos, grasas minerales, tapas casing)","35.144,36","234","0"
"2023","A3020.3 - Lodos, tierra o sedimentos impregnados de aceite lubricante usado","109","0","0"
"2023","A3020.4 - Mezclas de aceite lubricante usado con agua","0","4.335,3","0"
"2023","A3020.6 - Envases, recipientes, canecas, bidones o contenedores que contienen o que están contaminados con aceites usados","789,2","33,7","0"
"2023","A3050 - Desechos resultantes de la producción, preparación y utilización de resinas, látex, plastificantes o colas/adhesivos excepto los desechos especificados en la lista B (véase el apartado correspondiente en la lista B B4020).","397,05","0","0"
"2023","A3120 - Pelusas - fragmentos ligeros resultantes del desmenuzamiento.","2.143,2","0","0"
"2023","A3140 - Desechos de disolventes orgánicos no halogenados pero con exclusión de los desechos especificados en la lista B.","617,3","5.487,7","0"
"2023","A3170 - Desechos resultantes de la producción de hidrocarburos halogenados alifáticos (tales como clorometano, dicloroetano, cloruro de vinilo, cloruro de alilo y epicloridrina).","23","0","0"
"2023","A3180.3 - Desechos o residuos que contengan o estén contaminados con PCB: elementos, sustancias, fluidos diferentes a los aceites dieléctricos y materiales con PCB en una concentración igual o superior a 50 ppm (ej: EPP, ropa de trabajo, elementos que hayan estado en contacto directo con PCB, residuos de laboratorio, productos de limpieza y recolección de derrames, tierras o suelos)","5.645","0","0"
"2023","A3190 - Desechos de residuos alquitranados (con exclusión de los cementos asfálticos) resultantes de la refinación, destilación o cualquier otro tratamiento pirolítico de materiales orgánicos.","405","0","0"
"2023","A3200 - Material bituminoso (desechos de asfalto) con contenido de alquitrán resultantes de la construcción y el mantenimiento de carreteras (obsérvese el artículo correspondiente B2130 de la lista B).","6","0","0"
"2023","A4010 - Desechos resultantes de la producción, preparación y utilización de productos farmacéuticos, pero con exclusión de los desechos especificados en la lista B.","132,5","0","0"
"2023","A4020.1 - Desechos clínicos y afines ANATOMOPATOLÓGICOS","3.110","0","0"
"2023","A4020.2 - Desechos clínicos y afines BIOSANITARIOS","3.902,69","602","0"
"2023","A4020.3 - Desechos clínicos y afines CORTOPUNZANTES","200,35","0","0"
"2023","A4020.4 - Desechos clínicos y afines DE ANIMALES","849,5","0","0"
"2023","A4030.2 - Elementos o materiales contaminados con plaguicidas, biocidas, productos fitofarmacéuticos (ej. EPP, estopas, trapos, cauchos, aserrín, arena, materiales de embalaje)","397","0","0"
"2023","A4030.5 - Envases, recipientes, canecas, bidones o contenedores que contienen o que están contaminados con plaguicidas, biocidas o productos fitofarmacéuticos","1","0,6","0"
"2023","A4060.1 - Lodos y cortes de perforación base aceite, borras y lodos aceitosos","11.074,7","442","0"
"2023","A4060.2 - Elementos o materiales contaminados con hidrocarburos (ej. EPP, estopas, textiles, plásticos, caucho, sierras, geomembranas).","148.021,57","0,3","0"
"2023","A4060.3 - Sólidos o semisólidos impregnados con hidrocarburo (ej. tierra, suelo, arena)","61.576.867,1","147,8","0"
"2023","A4060.4 - Mezclas o emulsiones líquidas de agua con hidrocarburo con contenido de sólidos 3%)","1.568,9","69.346,9","0"
"2023","A4060.5 - Envases, recipientes, canecas, bidones o contenedores que contienen o que están contaminados con hidrocarburos","24.519,6","0","0"
"2023","A4060.6 - Otras mezclas y emulsiones de desechos de aceite y agua o de hidrocarburos y agua, no clasificadas previamente","5.954,3","37.156,65","0"
"2023","A4070 - Desechos resultantes de la producción, preparación y utilización de tintas, colorantes, pigmentos, pinturas, lacas o barnices, con exclusión de los desechos especificados en la lista B (véase el apartado correspondiente de la lista B B4010).","8.795,57","59,5","0"
"2023","A4090 - Desechos de soluciones ácidas o básicas, distintas de las especificadas en el apartado correspondiente de la lista B (véase el apartado correspondiente de la lista B B2120).","2.284,4","1.629,4","0"
"2023","A4100 - Desechos resultantes de la utilización de dispositivos de control de la contaminación industrial para la depuración de los gases industriales, pero con exclusión de los desechos especificados en la lista B.","1.077,6","0","0"
"2023","A4120 - Desechos que contienen, consisten o están contaminados con peróxidos","6,7","6.050","0"
"2023","A4130.1 - Otros envases, recipientes, canecas, bidones o contenedores que contienen o que están contaminados con productos o sustancias químicas peligrosas, DIFERENTES a plaguicidas, biocidas, productos fitofarmacéuticos (Y4.5/A4030.5), hidrocarburos (Y9.5/A4060.5), aceites usados (Y8.6/A3020.6), PCB (Y10.4/A3180.4), sustancias CFC, HCFC, HFC y halones (Y45.6).","91.706,89","12","0"
"2023","A4140 - Desechos consistentes o que contienen productos químicos que no responden a las especificaciones o caducados correspondientes a las categorías del anexo I, y que muestran las características peligrosas del Anexo III.","110.082,45","28.609,36","177,6"
"2023","A4150 - Sustancias químicas de desecho, no identificadas o nuevas, resultantes de la investigación y el desarrollo o de las actividades de enseñanza y cuyos efectos en el ser humano o el medio ambiente no se conozcan.","79","1.107,3","0"
"2024","Y1.1 - Desechos clínicos ANATOMOPATOLÓGICOS resultantes de la atención en salud en Hospitales, consultorios, clínicas y otros","13.590,24","8,6","0"
"2024","Y1.2 - Desechos clínicos BIOSANITARIOS resultantes de la atención en salud en Hospitales, consultorios, clínicas y otros","290.637,87","1.149","0"
"2024","Y1.3 - Desechos clínicos CORTOPUNZANTES resultantes de la atención en salud en Hospitales, consultorios, clínicas y otros","10.746,34","0","0"
"2024","Y1.4 - Desechos de ANIMALES - residuos decomisos NO aprovechables","1.536","0","0"
"2024","Y2 - Desechos resultantes de la producción y preparación de productos farmacéuticos.","50,4","0","0"
"2024","Y3 - Desechos de medicamentos y productos farmacéuticos.","0","0","0"
"2024","Y3.1 - Desechos de medicamentos y productos farmacéuticos vencidos o deteriorados incluyendo sus envases y/o empaques.","7.713,53","79,5","0"
"2024","Y3.2 - Desechos de medicamentos y productos farmacéuticos consumidos o parcialmente consumidos incluyendo sus envases y/o empaques.","4.105,22","5,5","0"
"2024","Y4.2 - Elementos o materiales contaminados con plaguicidas, biocidas, productos fitofarmacéuticos (ej. EPP, estopas, trapos, cauchos, aserrín, arena, materiales de embalaje)","1.600,1","0","0"
"2024","Y4.5 - Envases, recipientes, canecas, bidones o contenedores que contienen o que están contaminados con plaguicidas, biocidas o productos fitofarmacéuticos","431,03","0","0"
"2024","Y6 - Desechos resultantes de la producción, la preparación y la utilización de disolventes orgánicos.","227,64","207,2","0"
"2024","Y8.1 - Aceite lubricante usado (ej. aceite lubricante mineral, sintético, hidráulico usado)","23.929,82","464.963,17","0"
"2024","Y8.2 - Elementos o materiales contaminados con aceite lubricante usado (ej. EPP, estopas, trapos, filtros, cauchos, aserrín, plásticos, grasas minerales, tapas casing)","132.748,85","564,3","0"
"2024","Y8.3 - Lodos, tierra o sedimentos impregnados de aceite lubricante usado","3.201,5","27.342","0"
"2024","Y8.4 - Mezclas de aceite lubricante usado con agua","0","7.090,79","0"
"2024","Y8.5 - Aceites dieléctricos de desecho con una concentración menor a 50 mg/kg (50 ppm) de PCB. Si el aceite dieléctrico contiene 50 ppm o más de PCB, clasifíquelo por las corrientes Y10.2 o A3180.2","0","765,5","0"
"2024","Y8.6 - Envases, recipientes, canecas, bidones o contenedores que contienen o que están contaminados con aceites usados","82,45","0","0"
"2024","Y9.1 - Lodos y cortes de perforación base aceite, borras y lodos aceitosos","17.381.606,96","2.783,5","0"
"2024","Y9.2 - Elementos o materiales contaminados con hidrocarburos (ej. EPP, estopas, textiles, plásticos, caucho, sierras, geomembranas).","114.908,77","591","0"
"2024","Y9.3 - Sólidos o semisólidos impregnados con hidrocarburo (ej. tierra, suelo, arena)","250.960,2","0","0"
"2024","Y9.4 - Mezclas o emulsiones líquidas de agua con hidrocarburo, con contenido de sólidos 3%)","1.652,4","161.634,87","0"
"2024","Y9.5 - Envases, recipientes, canecas, bidones o contenedores que contienen o que están contaminados con hidrocarburos.","22.175,6","1.088,9","0"
"2024","Y9.6 - Otras mezclas y emulsiones de desechos de aceite y agua o de hidrocarburos y agua, no clasificadas previamente","78.438,8","55.130,79","0"
"2024","Y10.3 - Desechos o residuos que contengan o estén contaminados con PCB: elementos, sustancias, fluidos diferentes a los aceites dieléctricos y materiales con PCB en una concentración igual o superior a 50 ppm (ej: EPP, ropa de trabajo, elementos que hayan estado en contacto directo con PCB, residuos de laboratorio, productos de limpieza y recolección de derrames, tierras o suelos)","6","0","0"
"2024","Y12 - Desechos resultantes de la producción, preparación y utilización de tintas, colorantes, pigmentos, pinturas, lacas o barnices.","16.723,03","2.143,25","0"
"2024","Y13 - Desechos resultantes de la producción, preparación y utilización de resinas, látex, plastificantes o colas y adhesivos.","2.785,6","0","0"
"2024","Y14 - Sustancias químicas de desecho, no identificadas o nuevas, resultantes de la investigación y el desarrollo o de las actividades de enseñanza y cuyos efectos en el ser humano o el medio ambiente no se conozcan.","855,15","475,8","0"
"2024","Y16 - Desechos resultantes de la producción, preparación y utilización de productos químicos y materiales para fines fotográficos.","9,7","4.392,8","0"
"2024","Y17 - Desechos resultantes del tratamiento de superficie de metales y plásticos.","2.957","0","0"
"2024","Y18 - Residuos resultantes de las operaciones de eliminación de desechos industriales.","8.625,38","2.398,4","0"
"2024","Y23 - Desechos que tengan como constituyentes: Compuestos de zinc.","224,5","0","0"
"2024","Y29.1 - Desechos que constan de mercurio o compuestos de mercurio (Ej. mercurio metálico, desechos de cloruro de mercurio, sulfuro de mercurio)","258,5","0","0"
"2024","Y29.2 - Desechos que contienen mercurio o compuestos de mercurio (ej. Lámparas fluorescentes compactas o lineales, lámparas de vapor de mercurio, amalgama dental, termómetros de mercurio, manómetros no electrónicos).","2.351,28","16,6","0"
"2024","Y31 - Desechos que tengan como constituyentes: Plomo, compuestos de plomo.","135.517,7","0","0"
"2024","Y33 - Desechos que tengan como constituyentes: Cianuros inorgánicos.","92.694","0","0"
"2024","Y34 - Desechos que tengan como constituyentes: Soluciones ácidas o ácidos en forma sólida.","1.030,44","271,3","0"
"2024","Y35 - Desechos que tengan como constituyentes: Soluciones básicas o bases en forma sólida.","1.835,35","0","0"
"2024","Y36 - Desechos que tengan como constituyente Asbesto (polvo y fibras).","596,7","823,8","0"
"2024","Y38 - Desechos que tengan como constituyentes: Cianuros orgánicos.","303","0","0"
"2024","Y39 - Desechos que tengan como constituyentes: Fenoles, compuestos fenólicos, con inclusión de clorofenoles.","0","416,2","0"
"2024","Y41.1 - Desechos que tengan como constituyentes: solventes orgánicos halogenados de sustancias clorofluorocarbonadas (CFC), hidroclorofluorocarbonadas (HCFC), hidrofluorocarbonadas (HFC), Tetracloruro de Carbono (TCC), Metilcloroformo (1,1,1-Tricloroetano) y mezclas de estas sustancias. Reporte aquí únicamente el peso del solvente; los envases o cilindros vacíos repórtelos por la corriente Y45.6","0","129","0"
"2024","Y42 - Desechos que tengan como constituyentes: Disolventes orgánicos, con exclusión de disolventes halogenados.","0","55,6","0"
"2024","Y45.5 - Residuos o desechos de mezclas de CFC, HCFC, HFC y halones. Reporte aquí únicamente el peso de la mezcla y reporte los envases o cilindros vacíos por la corriente Y45.6","0","65","0"
"2024","Y45.6 - Envases o cilindros vacíos de refrigerantes, agentes espumantes, propelentes, solventes o agentes de extinción de incendios que hayan contenido sustancias CFC, HCFC, HFC y halones","40,39","0","0"
"2024","A1010 - Desechos metálicos y desechos que contengan aleaciones de cualquiera de las sustancias siguientes: Antimonio, Arsénico, Berilio, Cadmio, Plomo, Mercurio, Selenio, Telurio, Talio, pero excluidos los desechos que figuran específicamente en la lista B.","349,6","166","0"
"2024","A1030 - Desechos que tengan como constituyentes o contaminantes cualquiera de las sustancias siguientes: - Arsénico","0","0","0"
"2024","A1060 - Líquidos de desecho del decapaje de metales.","0","104,3","0"
"2024","A1100 - Polvos y residuos de los sistemas de depuración de gases de las fundiciones de cobre.","111","0","0"
"2024","A1120 - Lodos residuales, excluidos los fangos anódicos, de los sistemas de depuración electrolítica de las operaciones de refinación y extracción electrolítica del cobre.","25","0","0"
"2024","A1140 - Desechos de catalizadores de cloruro cúprico y cianuro de cobre.","31","0","0"
"2024","A1160 - Acumuladores de plomo de desecho, enteros o triturados.","27.826,16","570","0"
"2024","A1170 - Acumuladores de desecho sin seleccionar excluidas mezclas de acumuladores sólo de la lista B. Los acumuladores de desecho no incluidos en la lista B que contengan constituyentes del Anexo I en tal grado que los conviertan en peligrosos.","40,4","0","0"
"2024","A1180 - Montajes eléctricos y electrónicos de desecho o restos de éstos que contengan componentes como acumuladores y otras baterías incluidos en la lista A, interruptores de mercurio, vidrios de tubos de rayos catódicos y otros vidrios activados y capacitadores de PCB, o contaminados con constituyentes del Anexo I (por ejemplo, cadmio, mercurio, plomo, bifenilo policlorado) en tal grado que posean alguna de las características del Anexo III (véase la entrada correspondiente en la lista B B1110) .","20.687,16","0","0"
"2024","A2010 - Desechos de vidrio de tubos de rayos catódicos y otros vidrios activados.","425,45","0","0"
"2024","A3020.1 - Aceite lubricante usado (ej. aceite lubricante mineral, sintético, hidráulico usado)","0","40.090,74","0"
"2024","A3020.2 - Elementos o materiales contaminados con aceite lubricante usado (ej. EPP, estopas, trapos, filtros, cauchos, aserrín, plásticos, grasas minerales, tapas casing)","30.724,78","5.691,53","0"
"2024","A3020.3 - Lodos, tierra o sedimentos impregnados de aceite lubricante usado","128","523,5","0"
"2024","A3020.4 - Mezclas de aceite lubricante usado con agua","0","11.449,6","0"
"2024","A3020.5 - Aceites dieléctricos de desecho con una concentración menor a 50 mg/kg (50 ppm) de PCB. Si el aceite dieléctrico contiene 50 ppm o más de PCB, clasifíquelo por las corrientes Y10.2 o A3180.2","0","2.391,22","0"
"2024","A3020.6 - Envases, recipientes, canecas, bidones o contenedores que contienen o que están contaminados con aceites usados","1.015,1","0","0"
"2024","A3050 - Desechos resultantes de la producción, preparación y utilización de resinas, látex, plastificantes o colas/adhesivos excepto los desechos especificados en la lista B (véase el apartado correspondiente en la lista B B4020).","141,39","0","0"
"2024","A3120 - Pelusas - fragmentos ligeros resultantes del desmenuzamiento.","1.000","0","0"
"2024","A3140 - Desechos de disolventes orgánicos no halogenados pero con exclusión de los desechos especificados en la lista B.","0","15,8","0"
"2024","A3180.3 - Desechos o residuos que contengan o estén contaminados con PCB: elementos, sustancias, fluidos diferentes a los aceites dieléctricos y materiales con PCB en una concentración igual o superior a 50 ppm (ej: EPP, ropa de trabajo, elementos que hayan estado en contacto directo con PCB, residuos de laboratorio, productos de limpieza y recolección de derrames, tierras o suelos)","0","14.049","0"
"2024","A3200 - Material bituminoso (desechos de asfalto) con contenido de alquitrán resultantes de la construcción y el mantenimiento de carreteras (obsérvese el artículo correspondiente B2130 de la lista B).","0","8.280","0"
"2024","A4010 - Desechos resultantes de la producción, preparación y utilización de productos farmacéuticos, pero con exclusión de los desechos especificados en la lista B.","19,4","0","0"
"2024","A4020.1 - Desechos clínicos y afines ANATOMOPATOLÓGICOS","1.911,6","0","0"
"2024","A4020.2 - Desechos clínicos y afines BIOSANITARIOS","6.846,7","35,05","0"
"2024","A4020.3 - Desechos clínicos y afines CORTOPUNZANTES","352,15","0","0"
"2024","A4020.4 - Desechos clínicos y afines DE ANIMALES","458,4","0","0"
"2024","A4030.2 - Elementos o materiales contaminados con plaguicidas, biocidas, productos fitofarmacéuticos (ej. EPP, estopas, trapos, cauchos, aserrín, arena, materiales de embalaje)","443,9","0","0"
"2024","A4030.5 - Envases, recipientes, canecas, bidones o contenedores que contienen o que están contaminados con plaguicidas, biocidas o productos fitofarmacéuticos","2,2","0","0"
"2024","A4060.1 - Lodos y cortes de perforación base aceite, borras y lodos aceitosos","8.023,5","386,5","0"
"2024","A4060.2 - Elementos o materiales contaminados con hidrocarburos (ej. EPP, estopas, textiles, plásticos, caucho, sierras, geomembranas).","125.312,37","0","0"
"2024","A4060.3 - Sólidos o semisólidos impregnados con hidrocarburo (ej. tierra, suelo, arena)","127.707,5","224,5","0"
"2024","A4060.4 - Mezclas o emulsiones líquidas de agua con hidrocarburo con contenido de sólidos 3%)","4.965","44.404,6","0"
"2024","A4060.5 - Envases, recipientes, canecas, bidones o contenedores que contienen o que están contaminados con hidrocarburos","18","0","0"
"2024","A4060.6 - Otras mezclas y emulsiones de desechos de aceite y agua o de hidrocarburos y agua, no clasificadas previamente","3.018,1","61.185,6","0"
"2024","A4070 - Desechos resultantes de la producción, preparación y utilización de tintas, colorantes, pigmentos, pinturas, lacas o barnices, con exclusión de los desechos especificados en la lista B (véase el apartado correspondiente de la lista B B4010).","4.462,75","243,3","0"
"2024","A4090 - Desechos de soluciones ácidas o básicas, distintas de las especificadas en el apartado correspondiente de la lista B (véase el apartado correspondiente de la lista B B2120).","589,5","1.003,8","0"
"2024","A4100 - Desechos resultantes de la utilización de dispositivos de control de la contaminación industrial para la depuración de los gases industriales, pero con exclusión de los desechos especificados en la lista B.","58,2","0","0"
"2024","A4120 - Desechos que contienen, consisten o están contaminados con peróxidos","75,71","0","0"
"2024","A4130.1 - Otros envases, recipientes, canecas, bidones o contenedores que contienen o que están contaminados con productos o sustancias químicas peligrosas, DIFERENTES a plaguicidas, biocidas, productos fitofarmacéuticos (Y4.5/A4030.5), hidrocarburos (Y9.5/A4060.5), aceites usados (Y8.6/A3020.6), PCB (Y10.4/A3180.4), sustancias CFC, HCFC, HFC y halones (Y45.6).","17.761,84","420","13"
"2024","A4140 - Desechos consistentes o que contienen productos químicos que no responden a las especificaciones o caducados correspondientes a las categorías del anexo I, y que muestran las características peligrosas del Anexo III.","35.178,37","1.733,65","0"
"2024","A4150 - Sustancias químicas de desecho, no identificadas o nuevas, resultantes de la investigación y el desarrollo o de las actividades de enseñanza y cuyos efectos en el ser humano o el medio ambiente no se conozcan.","0","138","0"
